t,x,y,yaw
35.768,1.7720,1.7820,-3.1416
35.789,1.7720,1.7820,-3.1416
35.810,1.7720,1.7820,-3.1416
35.831,1.7720,1.7820,-3.1416
35.852,1.7720,1.7820,-3.1416
35.873,1.7720,1.7820,-3.1416
35.894,1.7720,1.7820,-3.1416
35.915,1.7720,1.7820,-3.1416
35.936,1.7720,1.7820,-3.1416
35.957,1.7720,1.7820,-3.1416
35.978,1.7720,1.7820,-3.1416
35.999,1.7720,1.7820,-3.1416
36.020,1.7720,1.7820,-3.1416
36.041,1.7720,1.7820,-3.1416
36.062,1.7720,1.7820,-3.1416
36.083,1.7720,1.7820,-3.1416
36.104,1.7720,1.7820,-3.1416
36.125,1.7720,1.7820,-3.1416
36.146,1.7720,1.7820,-3.1416
36.167,1.7720,1.7820,-3.1416
36.188,1.7720,1.7820,-3.1416
36.209,1.7720,1.7820,-3.1416
36.230,1.7720,1.7820,-3.1416
36.251,1.7720,1.7820,-3.1416
36.272,1.7720,1.7820,-3.1416
36.293,1.7720,1.7820,-3.1416
36.314,1.7720,1.7820,-3.1416
36.335,1.7720,1.7820,-3.1416
36.356,1.7720,1.7820,-3.1416
36.377,1.7699,1.7820,3.1411
36.398,1.7679,1.7820,3.1407
36.419,1.7658,1.7819,3.1402
36.440,1.7637,1.7819,3.1398
36.461,1.7617,1.7819,3.1394
36.482,1.7576,1.7819,3.1391
36.503,1.7535,1.7819,3.1388
36.524,1.7494,1.7818,3.1386
36.545,1.7452,1.7818,3.1383
36.566,1.7411,1.7818,3.1380
36.587,1.7367,1.7818,3.1377
36.608,1.7306,1.7818,3.1374
36.629,1.7245,1.7817,3.1370
36.650,1.7183,1.7817,3.1367
36.671,1.7122,1.7817,3.1363
36.692,1.7060,1.7817,3.1359
36.713,1.6987,1.7817,3.1356
36.734,1.6910,1.7816,3.1354
36.755,1.6832,1.7816,3.1351
36.776,1.6754,1.7816,3.1348
36.797,1.6677,1.7816,3.1346
36.818,1.6599,1.7816,3.1343
36.839,1.6515,1.7816,3.1341
36.860,1.6431,1.7816,3.1339
36.881,1.6347,1.7816,3.1336
36.902,1.6263,1.7816,3.1334
36.923,1.6180,1.7816,3.1332
36.944,1.6096,1.7816,3.1331
36.965,1.6012,1.7816,3.1329
36.986,1.5928,1.7816,3.1328
37.007,1.5844,1.7816,3.1326
37.028,1.5760,1.7816,3.1324
37.049,1.5676,1.7816,3.1323
37.070,1.5592,1.7816,3.1322
37.091,1.5508,1.7816,3.1320
37.112,1.5424,1.7816,3.1318
37.133,1.5341,1.7816,3.1316
37.154,1.5258,1.7816,3.1313
37.175,1.5175,1.7816,3.1311
37.196,1.5093,1.7816,3.1309
37.217,1.5010,1.7816,3.1306
37.238,1.4926,1.7816,3.1304
37.259,1.4842,1.7816,3.1302
37.280,1.4758,1.7816,3.1299
37.301,1.4674,1.7816,3.1297
37.322,1.4592,1.7816,3.1296
37.343,1.4510,1.7816,3.1294
37.364,1.4429,1.7816,3.1292
37.385,1.4347,1.7816,3.1291
37.406,1.4265,1.7816,3.1289
37.427,1.4183,1.7816,3.1287
37.448,1.4100,1.7816,3.1286
37.469,1.4017,1.7816,3.1285
37.490,1.3935,1.7816,3.1283
37.511,1.3851,1.7816,3.1282
37.532,1.3767,1.7816,3.1281
37.553,1.3683,1.7817,3.1281
37.574,1.3599,1.7817,3.1280
37.595,1.3515,1.7817,3.1279
37.616,1.3431,1.7817,3.1278
37.637,1.3347,1.7817,3.1286
37.658,1.3264,1.7818,3.1298
37.679,1.3182,1.7818,3.1309
37.700,1.3099,1.7819,3.1320
37.721,1.3016,1.7819,3.1331
37.742,1.2932,1.7819,3.1343
37.763,1.2848,1.7819,3.1354
37.784,1.2764,1.7819,3.1365
37.805,1.2680,1.7819,3.1376
37.826,1.2596,1.7819,3.1388
37.847,1.2512,1.7819,3.1399
37.868,1.2429,1.7819,3.1411
37.889,1.2346,1.7819,-3.1409
37.910,1.2263,1.7819,-3.1397
37.931,1.2180,1.7819,-3.1384
37.952,1.2097,1.7819,-3.1373
37.973,1.2013,1.7818,-3.1363
37.994,1.1929,1.7818,-3.1352
38.015,1.1845,1.7817,-3.1342
38.036,1.1763,1.7817,-3.1331
38.057,1.1681,1.7817,-3.1320
38.078,1.1599,1.7816,-3.1308
38.099,1.1518,1.7816,-3.1297
38.120,1.1436,1.7816,-3.1286
38.141,1.1354,1.7815,-3.1274
38.162,1.1271,1.7814,-3.1265
38.183,1.1189,1.7813,-3.1255
38.204,1.1106,1.7812,-3.1245
38.225,1.1023,1.7811,-3.1236
38.246,1.0939,1.7810,-3.1237
38.267,1.0855,1.7808,-3.1241
38.288,1.0771,1.7807,-3.1245
38.309,1.0687,1.7805,-3.1249
38.330,1.0603,1.7803,-3.1253
38.351,1.0520,1.7802,-3.1259
38.372,1.0438,1.7800,-3.1265
38.393,1.0355,1.7799,-3.1270
38.414,1.0272,1.7797,-3.1276
38.435,1.0189,1.7796,-3.1282
38.456,1.0105,1.7794,-3.1288
38.477,1.0021,1.7793,-3.1295
38.498,0.9937,1.7791,-3.1301
38.519,0.9854,1.7790,-3.1307
38.540,0.9772,1.7788,-3.1312
38.561,0.9691,1.7787,-3.1317
38.582,0.9609,1.7786,-3.1322
38.603,0.9527,1.7784,-3.1327
38.624,0.9445,1.7783,-3.1332
38.645,0.9362,1.7782,-3.1336
38.666,0.9280,1.7780,-3.1341
38.687,0.9197,1.7779,-3.1346
38.708,0.9114,1.7778,-3.1351
38.729,0.9030,1.7776,-3.1356
38.750,0.8946,1.7775,-3.1362
38.771,0.8862,1.7774,-3.1368
38.792,0.8778,1.7773,-3.1374
38.813,0.8694,1.7771,-3.1379
38.834,0.8611,1.7770,-3.1385
38.855,0.8528,1.7769,-3.1391
38.876,0.8445,1.7768,-3.1396
38.897,0.8362,1.7766,-3.1402
38.918,0.8280,1.7765,-3.1407
38.939,0.8196,1.7764,-3.1412
38.960,0.8112,1.7763,3.1415
38.981,0.8028,1.7762,3.1410
39.002,0.7944,1.7761,3.1405
39.023,0.7860,1.7760,3.1400
39.044,0.7778,1.7759,3.1395
39.065,0.7695,1.7758,3.1390
39.086,0.7612,1.7757,3.1386
39.107,0.7529,1.7756,3.1381
39.128,0.7446,1.7755,3.1376
39.149,0.7362,1.7754,3.1372
39.170,0.7278,1.7753,3.1368
39.191,0.7194,1.7752,3.1364
39.212,0.7110,1.7751,3.1360
39.233,0.7026,1.7750,3.1356
39.254,0.6942,1.7749,3.1352
39.275,0.6858,1.7749,3.1348
39.296,0.6774,1.7748,3.1344
39.317,0.6690,1.7747,3.1340
39.338,0.6607,1.7746,3.1335
39.359,0.6524,1.7745,3.1330
39.380,0.6441,1.7744,3.1325
39.401,0.6358,1.7743,3.1320
39.422,0.6275,1.7743,3.1316
39.443,0.6191,1.7742,3.1311
39.464,0.6107,1.7741,3.1306
39.485,0.6023,1.7740,3.1301
39.506,0.5939,1.7739,3.1296
39.527,0.5856,1.7739,3.1292
39.548,0.5773,1.7738,3.1288
39.569,0.5691,1.7737,3.1284
39.590,0.5608,1.7737,3.1280
39.611,0.5525,1.7736,3.1276
39.632,0.5442,1.7735,3.1271
39.653,0.5358,1.7734,3.1260
39.674,0.5274,1.7734,3.1250
39.695,0.5190,1.7733,3.1239
39.716,0.5106,1.7732,3.1229
39.737,0.5024,1.7732,3.1224
39.758,0.4942,1.7731,3.1219
39.779,0.4861,1.7731,3.1215
39.800,0.4779,1.7730,3.1210
39.821,0.4696,1.7730,3.1202
39.842,0.4613,1.7729,3.1194
39.863,0.4530,1.7728,3.1187
39.884,0.4447,1.7727,3.1179
39.905,0.4364,1.7727,3.1171
39.926,0.4280,1.7729,3.1166
39.947,0.4196,1.7730,3.1160
39.968,0.4112,1.7732,3.1154
39.989,0.4028,1.7734,3.1149
40.010,0.3945,1.7736,3.1143
40.031,0.3861,1.7738,3.1137
40.052,0.3778,1.7740,3.1131
40.073,0.3695,1.7742,3.1124
40.094,0.3612,1.7745,3.1117
40.115,0.3529,1.7747,3.1110
40.136,0.3445,1.7749,3.1106
40.157,0.3361,1.7751,3.1101
40.178,0.3277,1.7753,3.1096
40.199,0.3195,1.7755,3.1093
40.220,0.3116,1.7757,3.1092
40.241,0.3037,1.7760,3.1091
40.262,0.2957,1.7762,3.1090
40.283,0.2878,1.7764,3.1089
40.304,0.2798,1.7766,3.1093
40.325,0.2718,1.7769,3.1100
40.346,0.2638,1.7771,3.1107
40.367,0.2557,1.7773,3.1114
40.388,0.2477,1.7776,3.1122
40.409,0.2396,1.7778,3.1129
40.430,0.2315,1.7780,3.1133
40.451,0.2232,1.7782,3.1136
40.472,0.2149,1.7784,3.1138
40.493,0.2067,1.7787,3.1141
40.514,0.1984,1.7789,3.1143
40.535,0.1900,1.7791,3.1145
40.556,0.1816,1.7793,3.1146
40.577,0.1732,1.7796,3.1148
40.598,0.1648,1.7798,3.1150
40.619,0.1564,1.7800,3.1151
40.640,0.1480,1.7802,3.1153
40.661,0.1396,1.7804,3.1155
40.682,0.1312,1.7807,3.1156
40.703,0.1228,1.7809,3.1158
40.724,0.1145,1.7811,3.1160
40.745,0.1062,1.7813,3.1162
40.766,0.0979,1.7815,3.1165
40.787,0.0896,1.7818,3.1167
40.808,0.0813,1.7820,3.1169
40.829,0.0730,1.7822,3.1172
40.850,0.0646,1.7824,3.1174
40.871,0.0562,1.7826,3.1177
40.892,0.0478,1.7828,3.1179
40.913,0.0394,1.7830,3.1181
40.934,0.0311,1.7832,3.1183
40.955,0.0228,1.7835,3.1185
40.976,0.0146,1.7836,3.1186
40.997,0.0063,1.7838,3.1188
41.018,-0.0020,1.7840,3.1190
41.039,-0.0104,1.7842,3.1191
41.060,-0.0188,1.7844,3.1192
41.081,-0.0272,1.7846,3.1194
41.102,-0.0356,1.7848,3.1195
41.123,-0.0439,1.7850,3.1197
41.144,-0.0523,1.7852,3.1200
41.165,-0.0607,1.7854,3.1202
41.186,-0.0691,1.7856,3.1204
41.207,-0.0775,1.7858,3.1207
41.228,-0.0858,1.7860,3.1209
41.249,-0.0941,1.7861,3.1211
41.270,-0.1024,1.7863,3.1213
41.291,-0.1107,1.7865,3.1216
41.312,-0.1190,1.7867,3.1217
41.333,-0.1274,1.7868,3.1219
41.354,-0.1358,1.7870,3.1221
41.375,-0.1442,1.7872,3.1222
41.396,-0.1526,1.7874,3.1224
41.417,-0.1609,1.7875,3.1225
41.438,-0.1692,1.7877,3.1226
41.459,-0.1775,1.7878,3.1227
41.480,-0.1858,1.7880,3.1229
41.501,-0.1941,1.7882,3.1230
41.522,-0.2024,1.7883,3.1232
41.543,-0.2108,1.7885,3.1234
41.564,-0.2192,1.7887,3.1236
41.585,-0.2276,1.7888,3.1238
41.606,-0.2360,1.7890,3.1240
41.627,-0.2442,1.7891,3.1242
41.648,-0.2524,1.7893,3.1244
41.669,-0.2605,1.7894,3.1246
41.690,-0.2687,1.7896,3.1248
41.711,-0.2769,1.7897,3.1250
41.732,-0.2852,1.7899,3.1252
41.753,-0.2934,1.7900,3.1253
41.774,-0.3017,1.7901,3.1254
41.795,-0.3092,1.7903,3.1255
41.816,-0.3163,1.7904,3.1257
41.837,-0.3235,1.7905,3.1258
41.858,-0.3307,1.7906,3.1259
41.879,-0.3379,1.7907,3.1260
41.900,-0.3452,1.7909,3.1262
41.921,-0.3526,1.7910,3.1264
41.942,-0.3599,1.7911,3.1266
41.963,-0.3673,1.7912,3.1268
41.984,-0.3746,1.7913,3.1270
42.005,-0.3820,1.7915,3.1272
42.026,-0.3894,1.7916,3.1274
42.047,-0.3978,1.7917,3.1275
42.068,-0.4062,1.7918,3.1276
42.089,-0.4146,1.7919,3.1277
42.110,-0.4230,1.7921,3.1279
42.131,-0.4314,1.7922,3.1280
42.152,-0.4398,1.7923,3.1281
42.173,-0.4481,1.7924,3.1282
42.194,-0.4553,1.7925,3.1284
42.215,-0.4624,1.7926,3.1286
42.236,-0.4696,1.7927,3.1288
42.257,-0.4768,1.7928,3.1290
42.278,-0.4840,1.7929,3.1292
42.299,-0.4912,1.7930,3.1294
42.320,-0.4982,1.7931,3.1296
42.341,-0.5052,1.7932,3.1297
42.362,-0.5122,1.7933,3.1298
42.383,-0.5192,1.7934,3.1299
42.404,-0.5263,1.7935,3.1301
42.425,-0.5345,1.7936,3.1302
42.446,-0.5427,1.7937,3.1303
42.467,-0.5510,1.7938,3.1304
42.488,-0.5592,1.7939,3.1305
42.509,-0.5674,1.7940,3.1306
42.530,-0.5758,1.7941,3.1308
42.551,-0.5842,1.7942,3.1310
42.572,-0.5926,1.7943,3.1312
42.593,-0.6010,1.7944,3.1315
42.614,-0.6093,1.7944,3.1317
42.635,-0.6176,1.7945,3.1319
42.656,-0.6259,1.7946,3.1321
42.677,-0.6341,1.7947,3.1323
42.698,-0.6424,1.7948,3.1325
42.719,-0.6507,1.7949,3.1326
42.740,-0.6591,1.7950,3.1328
42.761,-0.6675,1.7950,3.1329
42.782,-0.6759,1.7951,3.1330
42.803,-0.6843,1.7952,3.1331
42.824,-0.6927,1.7953,3.1337
42.845,-0.7010,1.7954,3.1346
42.866,-0.7092,1.7955,3.1355
42.887,-0.7175,1.7956,3.1364
42.908,-0.7258,1.7957,3.1373
42.929,-0.7340,1.7957,3.1382
42.950,-0.7420,1.7958,3.1393
42.971,-0.7501,1.7959,3.1403
42.992,-0.7582,1.7959,3.1413
43.013,-0.7662,1.7960,-3.1409
43.034,-0.7744,1.7960,-3.1399
43.055,-0.7826,1.7960,-3.1389
43.076,-0.7907,1.7961,-3.1379
43.097,-0.7989,1.7961,-3.1369
43.118,-0.8071,1.7961,-3.1360
43.139,-0.8153,1.7961,-3.1350
43.160,-0.8235,1.7960,-3.1342
43.181,-0.8318,1.7960,-3.1335
43.202,-0.8401,1.7960,-3.1327
43.223,-0.8483,1.7959,-3.1319
43.244,-0.8566,1.7959,-3.1312
43.265,-0.8649,1.7958,-3.1304
43.286,-0.8733,1.7958,-3.1297
43.307,-0.8817,1.7957,-3.1289
43.328,-0.8901,1.7956,-3.1282
43.349,-0.8985,1.7956,-3.1275
43.370,-0.9069,1.7955,-3.1268
43.391,-0.9153,1.7954,-3.1261
43.412,-0.9234,1.7953,-3.1254
43.433,-0.9314,1.7952,-3.1248
43.454,-0.9395,1.7951,-3.1241
43.475,-0.9476,1.7949,-3.1235
43.496,-0.9556,1.7948,-3.1228
43.517,-0.9637,1.7947,-3.1222
43.538,-0.9719,1.7946,-3.1213
43.559,-0.9802,1.7945,-3.1203
43.580,-0.9884,1.7943,-3.1192
43.601,-0.9967,1.7942,-3.1181
43.622,-1.0048,1.7940,-3.1171
43.643,-1.0127,1.7939,-3.1160
43.664,-1.0206,1.7937,-3.1150
43.685,-1.0285,1.7936,-3.1139
43.706,-1.0363,1.7934,-3.1128
43.727,-1.0439,1.7932,-3.1117
43.748,-1.0513,1.7931,-3.1106
43.769,-1.0588,1.7929,-3.1095
43.790,-1.0663,1.7927,-3.1083
43.811,-1.0734,1.7925,-3.1073
43.832,-1.0805,1.7923,-3.1063
43.853,-1.0875,1.7921,-3.1053
43.874,-1.0945,1.7919,-3.1043
43.895,-1.1015,1.7917,-3.1034
43.916,-1.1084,1.7914,-3.1024
43.937,-1.1151,1.7912,-3.1014
43.958,-1.1217,1.7910,-3.1005
43.979,-1.1284,1.7908,-3.0995
44.000,-1.1350,1.7905,-3.0985
44.021,-1.1413,1.7903,-3.0977
44.042,-1.1476,1.7901,-3.0968
44.063,-1.1539,1.7898,-3.0959
44.084,-1.1601,1.7896,-3.0950
44.105,-1.1663,1.7893,-3.0941
44.126,-1.1723,1.7891,-3.0932
44.147,-1.1782,1.7888,-3.0923
44.168,-1.1842,1.7886,-3.0915
44.189,-1.1901,1.7883,-3.0906
44.210,-1.1957,1.7881,-3.0898
44.231,-1.2014,1.7878,-3.0890
44.252,-1.2070,1.7875,-3.0882
44.273,-1.2127,1.7873,-3.0873
44.294,-1.2182,1.7870,-3.0865
44.315,-1.2235,1.7868,-3.0856
44.336,-1.2288,1.7865,-3.0847
44.357,-1.2341,1.7862,-3.0838
44.378,-1.2394,1.7860,-3.0829
44.399,-1.2447,1.7857,-3.0821
44.420,-1.2499,1.7854,-3.0813
44.441,-1.2551,1.7851,-3.0805
44.462,-1.2603,1.7849,-3.0797
44.483,-1.2655,1.7846,-3.0789
44.504,-1.2705,1.7843,-3.0782
44.525,-1.2755,1.7840,-3.0776
44.546,-1.2804,1.7837,-3.0770
44.567,-1.2853,1.7834,-3.0764
44.588,-1.2902,1.7831,-3.0757
44.609,-1.2947,1.7828,-3.0751
44.630,-1.2992,1.7826,-3.0745
44.651,-1.3038,1.7823,-3.0739
44.672,-1.3083,1.7820,-3.0732
44.693,-1.3128,1.7817,-3.0726
44.714,-1.3172,1.7815,-3.0721
44.735,-1.3216,1.7812,-3.0715
44.756,-1.3260,1.7809,-3.0710
44.777,-1.3304,1.7806,-3.0704
44.798,-1.3347,1.7803,-3.0698
44.819,-1.3388,1.7801,-3.0692
44.840,-1.3428,1.7798,-3.0686
44.861,-1.3469,1.7795,-3.0679
44.882,-1.3510,1.7792,-3.0673
44.903,-1.3550,1.7790,-3.0667
44.924,-1.3590,1.7787,-3.0662
44.945,-1.3629,1.7784,-3.0656
44.966,-1.3669,1.7782,-3.0651
44.987,-1.3709,1.7779,-3.0645
45.008,-1.3747,1.7776,-3.0640
45.029,-1.3784,1.7773,-3.0635
45.050,-1.3820,1.7771,-3.0630
45.071,-1.3857,1.7768,-3.0625
45.092,-1.3893,1.7766,-3.0619
45.113,-1.3928,1.7763,-3.0613
45.134,-1.3963,1.7760,-3.0607
45.155,-1.3997,1.7758,-3.0601
45.176,-1.4032,1.7755,-3.0595
45.197,-1.4068,1.7753,-3.0588
45.218,-1.4104,1.7750,-3.0579
45.239,-1.4139,1.7748,-3.0570
45.260,-1.4175,1.7745,-3.0562
45.281,-1.4211,1.7742,-3.0553
45.302,-1.4246,1.7739,-3.0546
45.323,-1.4281,1.7737,-3.0538
45.344,-1.4316,1.7734,-3.0530
45.365,-1.4350,1.7731,-3.0522
45.386,-1.4384,1.7729,-3.0515
45.407,-1.4416,1.7726,-3.0508
45.428,-1.4447,1.7724,-3.0501
45.449,-1.4479,1.7721,-3.0494
45.470,-1.4510,1.7718,-3.0487
45.491,-1.4541,1.7716,-3.0481
45.512,-1.4571,1.7713,-3.0474
45.533,-1.4602,1.7711,-3.0468
45.554,-1.4632,1.7708,-3.0462
45.575,-1.4662,1.7705,-3.0456
45.596,-1.4692,1.7703,-3.0449
45.617,-1.4721,1.7700,-3.0442
45.638,-1.4750,1.7698,-3.0435
45.659,-1.4779,1.7695,-3.0428
45.680,-1.4809,1.7693,-3.0421
45.701,-1.4839,1.7690,-3.0417
45.722,-1.4870,1.7687,-3.0412
45.743,-1.4900,1.7684,-3.0408
45.764,-1.4930,1.7681,-3.0403
45.785,-1.4960,1.7678,-3.0399
45.806,-1.4989,1.7676,-3.0395
45.827,-1.5019,1.7673,-3.0392
45.848,-1.5048,1.7670,-3.0388
45.869,-1.5077,1.7667,-3.0384
45.890,-1.5105,1.7664,-3.0380
45.911,-1.5133,1.7662,-3.0375
45.932,-1.5162,1.7659,-3.0371
45.953,-1.5190,1.7656,-3.0366
45.974,-1.5218,1.7653,-3.0362
45.995,-1.5243,1.7651,-3.0357
46.016,-1.5268,1.7649,-3.0351
46.037,-1.5293,1.7646,-3.0346
46.058,-1.5318,1.7644,-3.0341
46.079,-1.5342,1.7641,-3.0336
46.100,-1.5366,1.7639,-3.0331
46.121,-1.5389,1.7637,-3.0327
46.142,-1.5413,1.7634,-3.0322
46.163,-1.5437,1.7632,-3.0318
46.184,-1.5459,1.7630,-3.0314
46.205,-1.5482,1.7627,-3.0310
46.226,-1.5505,1.7625,-3.0307
46.247,-1.5527,1.7623,-3.0303
46.268,-1.5550,1.7620,-3.0299
46.289,-1.5571,1.7618,-3.0297
46.310,-1.5593,1.7616,-3.0294
46.331,-1.5614,1.7613,-3.0291
46.352,-1.5636,1.7611,-3.0288
46.373,-1.5657,1.7609,-3.0285
46.394,-1.5677,1.7607,-3.0281
46.415,-1.5697,1.7604,-3.0277
46.436,-1.5718,1.7602,-3.0274
46.457,-1.5738,1.7600,-3.0270
46.478,-1.5758,1.7598,-3.0267
46.499,-1.5777,1.7596,-3.0264
46.520,-1.5796,1.7594,-3.0261
46.541,-1.5816,1.7592,-3.0258
46.562,-1.5835,1.7590,-3.0255
46.583,-1.5853,1.7588,-3.0252
46.604,-1.5871,1.7586,-3.0248
46.625,-1.5890,1.7584,-3.0244
46.646,-1.5908,1.7582,-3.0241
46.667,-1.5926,1.7580,-3.0237
46.688,-1.5943,1.7578,-3.0234
46.709,-1.5960,1.7576,-3.0231
46.730,-1.5978,1.7574,-3.0228
46.751,-1.5995,1.7572,-3.0225
46.772,-1.6011,1.7570,-3.0223
46.793,-1.6027,1.7568,-3.0221
46.814,-1.6043,1.7567,-3.0218
46.835,-1.6059,1.7565,-3.0216
46.856,-1.6075,1.7563,-3.0214
46.877,-1.6090,1.7562,-3.0204
46.898,-1.6105,1.7561,-3.0188
46.919,-1.6120,1.7559,-3.0172
46.940,-1.6135,1.7558,-3.0156
46.961,-1.6150,1.7557,-3.0141
46.982,-1.6164,1.7556,-3.0124
47.003,-1.6178,1.7555,-3.0107
47.024,-1.6192,1.7554,-3.0091
47.045,-1.6206,1.7553,-3.0074
47.066,-1.6219,1.7552,-3.0058
47.087,-1.6232,1.7551,-3.0042
47.108,-1.6245,1.7550,-3.0026
47.129,-1.6257,1.7549,-3.0011
47.150,-1.6270,1.7548,-2.9995
47.171,-1.6282,1.7547,-2.9978
47.192,-1.6294,1.7546,-2.9962
47.213,-1.6305,1.7545,-2.9945
47.234,-1.6317,1.7544,-2.9929
47.255,-1.6328,1.7543,-2.9912
47.276,-1.6339,1.7542,-2.9897
47.297,-1.6349,1.7541,-2.9881
47.318,-1.6360,1.7540,-2.9865
47.339,-1.6368,1.7540,-2.9852
47.360,-1.6368,1.7540,-2.9852
47.381,-1.6368,1.7540,-2.9852
47.402,-1.6368,1.7540,-2.9852
47.423,-1.6368,1.7540,-2.9852
47.444,-1.6368,1.7540,-2.9844
47.465,-1.6370,1.7550,-2.9634
47.486,-1.6372,1.7559,-2.9425
47.507,-1.6374,1.7569,-2.9215
47.528,-1.6376,1.7578,-2.9007
47.549,-1.6379,1.7587,-2.8801
47.570,-1.6382,1.7596,-2.8594
47.591,-1.6385,1.7606,-2.8386
47.612,-1.6388,1.7615,-2.8179
47.633,-1.6392,1.7624,-2.7971
47.654,-1.6395,1.7633,-2.7763
47.675,-1.6399,1.7642,-2.7556
47.696,-1.6403,1.7651,-2.7351
47.717,-1.6407,1.7659,-2.7144
47.738,-1.6411,1.7668,-2.6938
47.759,-1.6416,1.7676,-2.6732
47.780,-1.6420,1.7685,-2.6526
47.801,-1.6425,1.7693,-2.6320
47.822,-1.6430,1.7701,-2.6114
47.843,-1.6435,1.7709,-2.5907
47.864,-1.6440,1.7717,-2.5701
47.885,-1.6446,1.7725,-2.5495
47.906,-1.6451,1.7733,-2.5289
47.927,-1.6457,1.7741,-2.5083
47.948,-1.6463,1.7748,-2.4877
47.969,-1.6469,1.7756,-2.4671
47.990,-1.6475,1.7763,-2.4465
48.011,-1.6481,1.7770,-2.4259
48.032,-1.6488,1.7777,-2.4053
48.053,-1.6494,1.7784,-2.3852
48.074,-1.6501,1.7790,-2.3654
48.095,-1.6507,1.7797,-2.3459
48.116,-1.6514,1.7802,-2.3277
48.137,-1.6520,1.7808,-2.3094
48.158,-1.6526,1.7813,-2.2919
48.179,-1.6532,1.7819,-2.2745
48.200,-1.6538,1.7823,-2.2578
48.221,-1.6544,1.7828,-2.2417
48.242,-1.6550,1.7832,-2.2257
48.263,-1.6556,1.7837,-2.2104
48.284,-1.6562,1.7841,-2.1951
48.305,-1.6567,1.7845,-2.1806
48.326,-1.6573,1.7848,-2.1665
48.347,-1.6578,1.7852,-2.1525
48.368,-1.6584,1.7855,-2.1391
48.389,-1.6589,1.7858,-2.1256
48.410,-1.6594,1.7861,-2.1131
48.431,-1.6599,1.7864,-2.1006
48.452,-1.6604,1.7867,-2.0885
48.473,-1.6609,1.7869,-2.0766
48.494,-1.6614,1.7872,-2.0649
48.515,-1.6618,1.7874,-2.0538
48.536,-1.6623,1.7876,-2.0428
48.557,-1.6627,1.7879,-2.0323
48.578,-1.6632,1.7881,-2.0218
48.599,-1.6636,1.7883,-2.0116
48.620,-1.6640,1.7884,-2.0019
48.641,-1.6644,1.7886,-1.9922
48.662,-1.6648,1.7888,-1.9830
48.683,-1.6652,1.7889,-1.9737
48.704,-1.6656,1.7891,-1.9649
48.725,-1.6660,1.7892,-1.9563
48.746,-1.6663,1.7894,-1.9477
48.767,-1.6667,1.7895,-1.9395
48.788,-1.6670,1.7896,-1.9313
48.809,-1.6674,1.7898,-1.9236
48.830,-1.6677,1.7899,-1.9159
48.851,-1.6680,1.7900,-1.9085
48.872,-1.6684,1.7901,-1.9012
48.893,-1.6687,1.7902,-1.8940
48.914,-1.6690,1.7903,-1.8872
48.935,-1.6693,1.7904,-1.8805
48.956,-1.6696,1.7905,-1.8739
48.977,-1.6699,1.7905,-1.8674
48.998,-1.6702,1.7906,-1.8611
49.019,-1.6704,1.7907,-1.8551
49.040,-1.6707,1.7908,-1.8491
49.061,-1.6709,1.7908,-1.8434
49.082,-1.6712,1.7909,-1.8377
49.103,-1.6715,1.7910,-1.8323
49.124,-1.6717,1.7910,-1.8270
49.145,-1.6719,1.7911,-1.8217
49.166,-1.6722,1.7911,-1.8165
49.187,-1.6724,1.7912,-1.8114
49.208,-1.6726,1.7912,-1.8062
49.229,-1.6729,1.7913,-1.8010
49.250,-1.6731,1.7913,-1.7959
49.271,-1.6733,1.7914,-1.7907
49.292,-1.6736,1.7914,-1.7855
49.313,-1.6738,1.7915,-1.7804
49.334,-1.6740,1.7915,-1.7752
49.355,-1.6743,1.7916,-1.7700
49.376,-1.6745,1.7916,-1.7648
49.397,-1.6747,1.7916,-1.7602
49.418,-1.6749,1.7917,-1.7567
49.439,-1.6750,1.7917,-1.7533
49.460,-1.6752,1.7917,-1.7500
49.481,-1.6753,1.7918,-1.7467
49.502,-1.6755,1.7918,-1.7435
49.523,-1.6756,1.7918,-1.7405
49.544,-1.6758,1.7918,-1.7375
49.565,-1.6759,1.7918,-1.7346
49.586,-1.6760,1.7919,-1.7317
49.607,-1.6762,1.7919,-1.7290
49.628,-1.6763,1.7919,-1.7264
49.649,-1.6764,1.7919,-1.7238
49.670,-1.6765,1.7919,-1.7212
49.691,-1.6766,1.7919,-1.7187
49.712,-1.6767,1.7920,-1.7163
49.733,-1.6769,1.7920,-1.7138
49.754,-1.6770,1.7920,-1.7113
49.775,-1.6771,1.7920,-1.7088
49.796,-1.6772,1.7920,-1.7063
49.817,-1.6773,1.7920,-1.7038
49.838,-1.6774,1.7920,-1.7013
49.859,-1.6775,1.7920,-1.6989
49.880,-1.6777,1.7921,-1.6964
49.901,-1.6778,1.7921,-1.6939
49.922,-1.6779,1.7921,-1.6914
49.943,-1.6780,1.7921,-1.6889
49.964,-1.6781,1.7921,-1.6864
49.985,-1.6782,1.7921,-1.6839
50.006,-1.6784,1.7921,-1.6814
50.027,-1.6785,1.7921,-1.6789
50.048,-1.6786,1.7921,-1.6764
50.069,-1.6787,1.7922,-1.6740
50.090,-1.6788,1.7922,-1.6715
50.111,-1.6789,1.7922,-1.6690
50.132,-1.6790,1.7922,-1.6665
50.153,-1.6792,1.7922,-1.6640
50.174,-1.6793,1.7922,-1.6615
50.195,-1.6794,1.7922,-1.6589
50.216,-1.6795,1.7922,-1.6564
50.237,-1.6796,1.7922,-1.6539
50.258,-1.6797,1.7922,-1.6514
50.279,-1.6799,1.7922,-1.6489
50.300,-1.6800,1.7923,-1.6464
50.321,-1.6801,1.7923,-1.6439
50.342,-1.6802,1.7923,-1.6416
50.363,-1.6802,1.7923,-1.6416
50.384,-1.6802,1.7923,-1.6416
50.405,-1.6802,1.7923,-1.6416
50.426,-1.6802,1.7923,-1.6416
50.447,-1.6802,1.7923,-1.6416
50.468,-1.6802,1.7923,-1.6416
50.489,-1.6802,1.7923,-1.6416
50.510,-1.6802,1.7923,-1.6416
50.531,-1.6802,1.7923,-1.6416
50.552,-1.6802,1.7923,-1.6416
50.573,-1.6802,1.7923,-1.6416
50.594,-1.6802,1.7923,-1.6416
50.615,-1.6802,1.7923,-1.6416
50.636,-1.6802,1.7923,-1.6416
50.657,-1.6802,1.7923,-1.6416
50.678,-1.6803,1.7905,-1.6424
50.699,-1.6804,1.7884,-1.6434
50.720,-1.6805,1.7863,-1.6444
50.741,-1.6806,1.7843,-1.6455
50.762,-1.6807,1.7822,-1.6465
50.783,-1.6808,1.7801,-1.6475
50.804,-1.6810,1.7779,-1.6484
50.825,-1.6812,1.7738,-1.6486
50.846,-1.6815,1.7697,-1.6488
50.867,-1.6818,1.7655,-1.6490
50.888,-1.6820,1.7613,-1.6490
50.909,-1.6823,1.7571,-1.6490
50.930,-1.6826,1.7528,-1.6490
50.951,-1.6829,1.7486,-1.6491
50.972,-1.6832,1.7444,-1.6491
50.993,-1.6835,1.7401,-1.6491
51.014,-1.6839,1.7350,-1.6488
51.035,-1.6843,1.7288,-1.6482
51.056,-1.6848,1.7225,-1.6475
51.077,-1.6853,1.7162,-1.6468
51.098,-1.6857,1.7099,-1.6461
51.119,-1.6863,1.7028,-1.6454
51.140,-1.6868,1.6957,-1.6448
51.161,-1.6873,1.6885,-1.6441
51.182,-1.6878,1.6814,-1.6435
51.203,-1.6884,1.6742,-1.6429
51.224,-1.6889,1.6671,-1.6423
51.245,-1.6895,1.6591,-1.6415
51.266,-1.6901,1.6509,-1.6408
51.287,-1.6907,1.6427,-1.6401
51.308,-1.6913,1.6345,-1.6394
51.329,-1.6919,1.6262,-1.6388
51.350,-1.6925,1.6178,-1.6382
51.371,-1.6931,1.6094,-1.6377
51.392,-1.6937,1.6011,-1.6372
51.413,-1.6942,1.5927,-1.6366
51.434,-1.6948,1.5843,-1.6361
51.455,-1.6954,1.5760,-1.6356
51.476,-1.6959,1.5676,-1.6351
51.497,-1.6965,1.5594,-1.6346
51.518,-1.6970,1.5511,-1.6341
51.539,-1.6976,1.5429,-1.6337
51.560,-1.6981,1.5347,-1.6332
51.581,-1.6986,1.5265,-1.6327
51.602,-1.6992,1.5184,-1.6323
51.623,-1.6997,1.5102,-1.6318
51.644,-1.7002,1.5018,-1.6314
51.665,-1.7007,1.4934,-1.6309
51.686,-1.7013,1.4850,-1.6305
51.707,-1.7018,1.4767,-1.6301
51.728,-1.7023,1.4683,-1.6297
51.749,-1.7028,1.4599,-1.6292
51.770,-1.7033,1.4515,-1.6288
51.791,-1.7038,1.4433,-1.6284
51.812,-1.7043,1.4352,-1.6280
51.833,-1.7048,1.4272,-1.6277
51.854,-1.7053,1.4192,-1.6273
51.875,-1.7057,1.4112,-1.6269
51.896,-1.7062,1.4028,-1.6266
51.917,-1.7067,1.3944,-1.6262
51.938,-1.7072,1.3860,-1.6259
51.959,-1.7076,1.3778,-1.6256
51.980,-1.7081,1.3697,-1.6253
52.001,-1.7086,1.3615,-1.6250
52.022,-1.7090,1.3534,-1.6247
52.043,-1.7095,1.3453,-1.6244
52.064,-1.7099,1.3370,-1.6239
52.085,-1.7104,1.3287,-1.6235
52.106,-1.7108,1.3204,-1.6231
52.127,-1.7113,1.3122,-1.6227
52.148,-1.7117,1.3038,-1.6223
52.169,-1.7122,1.2954,-1.6219
52.190,-1.7126,1.2870,-1.6215
52.211,-1.7131,1.2787,-1.6211
52.232,-1.7135,1.2703,-1.6208
52.253,-1.7139,1.2622,-1.6204
52.274,-1.7143,1.2541,-1.6201
52.295,-1.7148,1.2461,-1.6197
52.316,-1.7152,1.2380,-1.6194
52.337,-1.7156,1.2300,-1.6191
52.358,-1.7160,1.2220,-1.6187
52.379,-1.7164,1.2141,-1.6183
52.400,-1.7168,1.2064,-1.6179
52.421,-1.7171,1.1986,-1.6174
52.442,-1.7175,1.1909,-1.6169
52.463,-1.7179,1.1832,-1.6165
52.484,-1.7183,1.1755,-1.6160
52.505,-1.7186,1.1683,-1.6156
52.526,-1.7189,1.1612,-1.6152
52.547,-1.7193,1.1541,-1.6148
52.568,-1.7196,1.1472,-1.6144
52.589,-1.7199,1.1406,-1.6140
52.610,-1.7202,1.1340,-1.6136
52.631,-1.7205,1.1273,-1.6132
52.652,-1.7208,1.1208,-1.6128
52.673,-1.7211,1.1143,-1.6125
52.694,-1.7214,1.1079,-1.6122
52.715,-1.7216,1.1015,-1.6118
52.736,-1.7219,1.0953,-1.6115
52.757,-1.7222,1.0891,-1.6112
52.778,-1.7224,1.0830,-1.6109
52.799,-1.7227,1.0768,-1.6106
52.820,-1.7230,1.0708,-1.6103
52.841,-1.7232,1.0650,-1.6101
52.862,-1.7234,1.0592,-1.6098
52.883,-1.7237,1.0534,-1.6096
52.904,-1.7239,1.0476,-1.6093
52.925,-1.7241,1.0420,-1.6091
52.946,-1.7244,1.0364,-1.6089
52.967,-1.7246,1.0308,-1.6087
52.988,-1.7248,1.0251,-1.6084
53.009,-1.7250,1.0195,-1.6082
53.030,-1.7252,1.0142,-1.6079
53.051,-1.7254,1.0090,-1.6076
53.072,-1.7256,1.0038,-1.6073
53.093,-1.7259,0.9986,-1.6069
53.114,-1.7261,0.9935,-1.6066
53.135,-1.7263,0.9883,-1.6063
53.156,-1.7264,0.9832,-1.6060
53.177,-1.7266,0.9781,-1.6057
53.198,-1.7268,0.9730,-1.6054
53.219,-1.7270,0.9681,-1.6050
53.240,-1.7272,0.9635,-1.6046
53.261,-1.7274,0.9588,-1.6042
53.282,-1.7275,0.9542,-1.6038
53.303,-1.7277,0.9495,-1.6034
53.324,-1.7279,0.9449,-1.6030
53.345,-1.7280,0.9403,-1.6027
53.366,-1.7282,0.9360,-1.6024
53.387,-1.7283,0.9316,-1.6021
53.408,-1.7285,0.9272,-1.6019
53.429,-1.7286,0.9228,-1.6016
53.450,-1.7288,0.9185,-1.6014
53.471,-1.7289,0.9142,-1.6013
53.492,-1.7291,0.9099,-1.6011
53.513,-1.7292,0.9056,-1.6010
53.534,-1.7293,0.9016,-1.6008
53.555,-1.7295,0.8975,-1.6006
53.576,-1.7296,0.8935,-1.6004
53.597,-1.7297,0.8895,-1.6003
53.618,-1.7298,0.8858,-1.6002
53.639,-1.7299,0.8820,-1.6001
53.660,-1.7301,0.8783,-1.6000
53.681,-1.7302,0.8746,-1.5999
53.702,-1.7303,0.8709,-1.5999
53.723,-1.7304,0.8672,-1.5998
53.744,-1.7305,0.8634,-1.5996
53.765,-1.7306,0.8596,-1.5995
53.786,-1.7307,0.8559,-1.5993
53.807,-1.7308,0.8523,-1.5992
53.828,-1.7310,0.8487,-1.5990
53.849,-1.7311,0.8451,-1.5988
53.870,-1.7312,0.8415,-1.5987
53.891,-1.7313,0.8379,-1.5982
53.912,-1.7315,0.8344,-1.5966
53.933,-1.7316,0.8310,-1.5951
53.954,-1.7318,0.8275,-1.5936
53.975,-1.7319,0.8240,-1.5921
53.996,-1.7321,0.8207,-1.5906
54.017,-1.7322,0.8173,-1.5892
54.038,-1.7323,0.8139,-1.5877
54.059,-1.7324,0.8105,-1.5863
54.080,-1.7325,0.8071,-1.5848
54.101,-1.7327,0.8038,-1.5834
54.122,-1.7328,0.8004,-1.5820
54.143,-1.7329,0.7972,-1.5806
54.164,-1.7330,0.7939,-1.5792
54.185,-1.7330,0.7906,-1.5778
54.206,-1.7332,0.7880,-1.5752
54.227,-1.7333,0.7854,-1.5725
54.248,-1.7334,0.7828,-1.5698
54.269,-1.7336,0.7802,-1.5672
54.290,-1.7337,0.7776,-1.5650
54.311,-1.7337,0.7749,-1.5637
54.332,-1.7337,0.7722,-1.5624
54.353,-1.7338,0.7694,-1.5611
54.374,-1.7338,0.7667,-1.5599
54.395,-1.7339,0.7641,-1.5574
54.416,-1.7341,0.7615,-1.5548
54.437,-1.7342,0.7589,-1.5521
54.458,-1.7343,0.7563,-1.5495
54.479,-1.7345,0.7537,-1.5468
54.500,-1.7345,0.7511,-1.5456
54.521,-1.7345,0.7487,-1.5445
54.542,-1.7344,0.7462,-1.5434
54.563,-1.7344,0.7437,-1.5423
54.584,-1.7344,0.7412,-1.5413
54.605,-1.7344,0.7388,-1.5403
54.626,-1.7343,0.7364,-1.5393
54.647,-1.7343,0.7340,-1.5384
54.668,-1.7343,0.7316,-1.5374
54.689,-1.7342,0.7293,-1.5365
54.710,-1.7342,0.7270,-1.5356
54.731,-1.7342,0.7248,-1.5347
54.752,-1.7341,0.7225,-1.5339
54.773,-1.7341,0.7203,-1.5327
54.794,-1.7341,0.7186,-1.5305
54.815,-1.7342,0.7168,-1.5282
54.836,-1.7342,0.7151,-1.5260
54.857,-1.7342,0.7134,-1.5237
54.878,-1.7342,0.7116,-1.5215
54.899,-1.7343,0.7100,-1.5193
54.920,-1.7343,0.7084,-1.5171
54.941,-1.7343,0.7068,-1.5149
54.962,-1.7343,0.7052,-1.5128
54.983,-1.7343,0.7036,-1.5105
55.004,-1.7343,0.7021,-1.5083
55.025,-1.7343,0.7006,-1.5060
55.046,-1.7343,0.6991,-1.5038
55.067,-1.7343,0.6976,-1.5015
55.088,-1.7343,0.6962,-1.4993
55.109,-1.7343,0.6948,-1.4972
55.130,-1.7343,0.6934,-1.4950
55.151,-1.7343,0.6920,-1.4928
55.172,-1.7343,0.6906,-1.4906
55.193,-1.7344,0.6893,-1.4884
55.214,-1.7345,0.6880,-1.4861
55.235,-1.7346,0.6867,-1.4839
55.256,-1.7346,0.6854,-1.4816
55.277,-1.7348,0.6841,-1.4794
55.298,-1.7350,0.6829,-1.4772
55.319,-1.7352,0.6817,-1.4750
55.340,-1.7354,0.6805,-1.4729
55.361,-1.7356,0.6793,-1.4707
55.382,-1.7359,0.6782,-1.4686
55.403,-1.7362,0.6771,-1.4665
55.424,-1.7365,0.6760,-1.4644
55.445,-1.7368,0.6749,-1.4623
55.466,-1.7370,0.6738,-1.4602
55.487,-1.7372,0.6728,-1.4573
55.508,-1.7372,0.6719,-1.4541
55.529,-1.7372,0.6709,-1.4510
55.550,-1.7373,0.6700,-1.4478
55.571,-1.7373,0.6690,-1.4446
55.592,-1.7373,0.6680,-1.4417
55.613,-1.7372,0.6670,-1.4399
55.634,-1.7372,0.6659,-1.4381
55.655,-1.7371,0.6648,-1.4363
55.676,-1.7371,0.6638,-1.4346
55.697,-1.7370,0.6629,-1.4329
55.718,-1.7370,0.6619,-1.4312
55.739,-1.7369,0.6610,-1.4295
55.760,-1.7369,0.6600,-1.4278
55.781,-1.7368,0.6591,-1.4260
55.802,-1.7368,0.6582,-1.4239
55.823,-1.7368,0.6574,-1.4218
55.844,-1.7367,0.6566,-1.4197
55.865,-1.7367,0.6557,-1.4175
55.886,-1.7368,0.6550,-1.4148
55.907,-1.7369,0.6542,-1.4121
55.928,-1.7370,0.6535,-1.4094
55.949,-1.7372,0.6527,-1.4067
55.970,-1.7373,0.6520,-1.4041
55.991,-1.7372,0.6511,-1.4025
56.012,-1.7371,0.6503,-1.4008
56.033,-1.7371,0.6494,-1.3992
56.054,-1.7370,0.6486,-1.3976
56.075,-1.7369,0.6478,-1.3959
56.096,-1.7369,0.6471,-1.3942
56.117,-1.7368,0.6464,-1.3925
56.138,-1.7368,0.6456,-1.3908
56.159,-1.7367,0.6449,-1.3892
56.180,-1.7366,0.6441,-1.3881
56.201,-1.7365,0.6432,-1.3870
56.222,-1.7364,0.6424,-1.3858
56.243,-1.7363,0.6416,-1.3847
56.264,-1.7362,0.6408,-1.3835
56.285,-1.7361,0.6401,-1.3822
56.306,-1.7361,0.6394,-1.3810
56.327,-1.7360,0.6387,-1.3798
56.348,-1.7359,0.6382,-1.3790
56.369,-1.7359,0.6382,-1.3790
56.390,-1.7359,0.6382,-1.3790
56.411,-1.7359,0.6382,-1.3790
56.432,-1.7359,0.6382,-1.3790
56.453,-1.7363,0.6381,-1.3703
56.474,-1.7373,0.6379,-1.3494
56.495,-1.7382,0.6377,-1.3287
56.516,-1.7391,0.6374,-1.3084
56.537,-1.7400,0.6371,-1.2879
56.558,-1.7410,0.6368,-1.2672
56.579,-1.7419,0.6365,-1.2465
56.600,-1.7428,0.6361,-1.2258
56.621,-1.7437,0.6358,-1.2052
56.642,-1.7445,0.6354,-1.1846
56.663,-1.7454,0.6350,-1.1640
56.684,-1.7463,0.6346,-1.1434
56.705,-1.7471,0.6342,-1.1227
56.726,-1.7480,0.6338,-1.1021
56.747,-1.7488,0.6333,-1.0815
56.768,-1.7497,0.6328,-1.0609
56.789,-1.7505,0.6323,-1.0403
56.810,-1.7513,0.6318,-1.0197
56.831,-1.7521,0.6313,-0.9991
56.852,-1.7529,0.6308,-0.9784
56.873,-1.7537,0.6302,-0.9578
56.894,-1.7544,0.6296,-0.9372
56.915,-1.7552,0.6290,-0.9166
56.936,-1.7559,0.6284,-0.8960
56.957,-1.7566,0.6278,-0.8760
56.978,-1.7573,0.6272,-0.8562
56.999,-1.7580,0.6266,-0.8366
57.020,-1.7586,0.6260,-0.8178
57.041,-1.7592,0.6254,-0.7989
57.062,-1.7598,0.6248,-0.7810
57.083,-1.7604,0.6242,-0.7631
57.104,-1.7609,0.6236,-0.7459
57.125,-1.7614,0.6230,-0.7294
57.146,-1.7619,0.6224,-0.7130
57.167,-1.7624,0.6219,-0.6972
57.188,-1.7628,0.6213,-0.6815
57.209,-1.7633,0.6207,-0.6666
57.230,-1.7637,0.6202,-0.6521
57.251,-1.7641,0.6197,-0.6378
57.272,-1.7644,0.6191,-0.6240
57.293,-1.7648,0.6186,-0.6102
57.314,-1.7651,0.6181,-0.5974
57.335,-1.7654,0.6176,-0.5846
57.356,-1.7657,0.6171,-0.5722
57.377,-1.7660,0.6166,-0.5599
57.398,-1.7663,0.6162,-0.5480
57.419,-1.7666,0.6157,-0.5366
57.440,-1.7668,0.6152,-0.5252
57.461,-1.7671,0.6148,-0.5143
57.482,-1.7673,0.6143,-0.5034
57.503,-1.7676,0.6139,-0.4930
57.524,-1.7678,0.6135,-0.4830
57.545,-1.7680,0.6131,-0.4730
57.566,-1.7682,0.6127,-0.4634
57.587,-1.7683,0.6123,-0.4539
57.608,-1.7685,0.6119,-0.4448
57.629,-1.7687,0.6115,-0.4359
57.650,-1.7689,0.6112,-0.4272
57.671,-1.7690,0.6108,-0.4188
57.692,-1.7692,0.6104,-0.4104
57.713,-1.7693,0.6101,-0.4025
57.734,-1.7694,0.6098,-0.3947
57.755,-1.7696,0.6094,-0.3872
57.776,-1.7697,0.6091,-0.3797
57.797,-1.7698,0.6088,-0.3724
57.818,-1.7699,0.6085,-0.3655
57.839,-1.7700,0.6082,-0.3586
57.860,-1.7701,0.6079,-0.3521
57.881,-1.7702,0.6076,-0.3455
57.902,-1.7703,0.6073,-0.3392
57.923,-1.7704,0.6071,-0.3332
57.944,-1.7705,0.6068,-0.3271
57.965,-1.7706,0.6065,-0.3214
57.986,-1.7706,0.6063,-0.3156
58.007,-1.7707,0.6060,-0.3102
58.028,-1.7708,0.6058,-0.3048
58.049,-1.7709,0.6056,-0.2996
58.070,-1.7709,0.6053,-0.2944
58.091,-1.7710,0.6051,-0.2892
58.112,-1.7711,0.6049,-0.2841
58.133,-1.7711,0.6047,-0.2789
58.154,-1.7712,0.6044,-0.2737
58.175,-1.7712,0.6042,-0.2686
58.196,-1.7713,0.6040,-0.2634
58.217,-1.7713,0.6037,-0.2582
58.238,-1.7714,0.6035,-0.2531
58.259,-1.7715,0.6033,-0.2479
58.280,-1.7715,0.6030,-0.2427
58.301,-1.7716,0.6028,-0.2384
58.322,-1.7716,0.6027,-0.2349
58.343,-1.7716,0.6025,-0.2314
58.364,-1.7717,0.6024,-0.2281
58.385,-1.7717,0.6022,-0.2248
58.406,-1.7717,0.6021,-0.2218
58.427,-1.7717,0.6019,-0.2187
58.448,-1.7718,0.6018,-0.2158
58.469,-1.7718,0.6017,-0.2129
58.490,-1.7718,0.6015,-0.2100
58.511,-1.7719,0.6014,-0.2074
58.532,-1.7719,0.6013,-0.2047
58.553,-1.7719,0.6012,-0.2022
58.574,-1.7719,0.6011,-0.1997
58.595,-1.7719,0.6009,-0.1972
58.616,-1.7720,0.6008,-0.1947
58.637,-1.7720,0.6007,-0.1923
58.658,-1.7720,0.6006,-0.1898
58.679,-1.7720,0.6005,-0.1873
58.700,-1.7720,0.6004,-0.1848
58.721,-1.7721,0.6003,-0.1823
58.742,-1.7721,0.6002,-0.1798
58.763,-1.7721,0.6000,-0.1774
58.784,-1.7721,0.5999,-0.1749
58.805,-1.7721,0.5998,-0.1724
58.826,-1.7721,0.5997,-0.1699
58.847,-1.7722,0.5996,-0.1674
58.868,-1.7722,0.5995,-0.1649
58.889,-1.7722,0.5994,-0.1624
58.910,-1.7722,0.5992,-0.1599
58.931,-1.7722,0.5991,-0.1574
58.952,-1.7722,0.5990,-0.1549
58.973,-1.7723,0.5989,-0.1525
58.994,-1.7723,0.5988,-0.1500
59.015,-1.7723,0.5987,-0.1475
59.036,-1.7723,0.5986,-0.1450
59.057,-1.7723,0.5984,-0.1425
59.078,-1.7723,0.5983,-0.1400
59.099,-1.7724,0.5982,-0.1375
59.120,-1.7724,0.5981,-0.1350
59.141,-1.7724,0.5980,-0.1325
59.162,-1.7724,0.5979,-0.1300
59.183,-1.7724,0.5977,-0.1275
59.204,-1.7724,0.5976,-0.1249
59.225,-1.7724,0.5975,-0.1224
59.246,-1.7724,0.5974,-0.1202
59.267,-1.7724,0.5974,-0.1201
59.288,-1.7724,0.5974,-0.1202
59.309,-1.7724,0.5974,-0.1202
59.330,-1.7724,0.5974,-0.1202
59.351,-1.7724,0.5974,-0.1202
59.372,-1.7724,0.5974,-0.1202
59.393,-1.7724,0.5974,-0.1202
59.414,-1.7724,0.5974,-0.1202
59.435,-1.7724,0.5974,-0.1202
59.456,-1.7724,0.5974,-0.1202
59.477,-1.7724,0.5974,-0.1202
59.498,-1.7724,0.5974,-0.1202
59.519,-1.7724,0.5974,-0.1202
59.540,-1.7724,0.5974,-0.1202
59.561,-1.7715,0.5973,-0.1199
59.582,-1.7694,0.5970,-0.1193
59.603,-1.7673,0.5967,-0.1187
59.624,-1.7653,0.5965,-0.1182
59.645,-1.7632,0.5962,-0.1176
59.666,-1.7611,0.5959,-0.1171
59.687,-1.7591,0.5956,-0.1165
59.708,-1.7569,0.5954,-0.1159
59.729,-1.7528,0.5948,-0.1147
59.750,-1.7487,0.5943,-0.1134
59.771,-1.7446,0.5938,-0.1122
59.792,-1.7404,0.5933,-0.1110
59.813,-1.7363,0.5927,-0.1097
59.834,-1.7304,0.5920,-0.1085
59.855,-1.7244,0.5913,-0.1072
59.876,-1.7185,0.5906,-0.1060
59.897,-1.7125,0.5899,-0.1047
59.918,-1.7065,0.5893,-0.1035
59.939,-1.7003,0.5886,-0.1022
59.960,-1.6941,0.5879,-0.1010
59.981,-1.6879,0.5872,-0.0997
60.002,-1.6803,0.5864,-0.0988
60.023,-1.6723,0.5856,-0.0980
60.044,-1.6643,0.5847,-0.0972
60.065,-1.6563,0.5839,-0.0964
60.086,-1.6483,0.5831,-0.0956
60.107,-1.6403,0.5823,-0.0948
60.128,-1.6323,0.5815,-0.0942
60.149,-1.6242,0.5807,-0.0935
60.170,-1.6162,0.5800,-0.0929
60.191,-1.6082,0.5792,-0.0924
60.212,-1.6001,0.5784,-0.0919
60.233,-1.5920,0.5777,-0.0915
60.254,-1.5839,0.5769,-0.0911
60.275,-1.5758,0.5761,-0.0907
60.296,-1.5678,0.5754,-0.0903
60.317,-1.5603,0.5747,-0.0898
60.338,-1.5527,0.5740,-0.0894
60.359,-1.5451,0.5733,-0.0890
60.380,-1.5376,0.5726,-0.0886
60.401,-1.5303,0.5719,-0.0882
60.422,-1.5231,0.5713,-0.0878
60.443,-1.5158,0.5706,-0.0874
60.464,-1.5086,0.5700,-0.0870
60.485,-1.5014,0.5693,-0.0867
60.506,-1.4944,0.5687,-0.0864
60.527,-1.4875,0.5681,-0.0862
60.548,-1.4807,0.5675,-0.0860
60.569,-1.4739,0.5669,-0.0858
60.590,-1.4673,0.5663,-0.0856
60.611,-1.4608,0.5658,-0.0855
60.632,-1.4544,0.5652,-0.0853
60.653,-1.4481,0.5647,-0.0852
60.674,-1.4418,0.5641,-0.0850
60.695,-1.4355,0.5636,-0.0849
60.716,-1.4294,0.5631,-0.0847
60.737,-1.4236,0.5626,-0.0845
60.758,-1.4178,0.5621,-0.0843
60.779,-1.4119,0.5615,-0.0840
60.800,-1.4061,0.5610,-0.0838
60.821,-1.4002,0.5605,-0.0836
60.842,-1.3945,0.5601,-0.0834
60.863,-1.3888,0.5596,-0.0833
60.884,-1.3830,0.5591,-0.0831
60.905,-1.3773,0.5586,-0.0829
60.926,-1.3717,0.5581,-0.0828
60.947,-1.3664,0.5577,-0.0826
60.968,-1.3611,0.5572,-0.0825
60.989,-1.3559,0.5568,-0.0824
61.010,-1.3506,0.5564,-0.0822
61.031,-1.3454,0.5559,-0.0821
61.052,-1.3404,0.5555,-0.0820
61.073,-1.3354,0.5551,-0.0820
61.094,-1.3303,0.5547,-0.0819
61.115,-1.3255,0.5543,-0.0817
61.136,-1.3207,0.5539,-0.0815
61.157,-1.3159,0.5535,-0.0814
61.178,-1.3112,0.5531,-0.0812
61.199,-1.3067,0.5527,-0.0811
61.220,-1.3022,0.5523,-0.0810
61.241,-1.2977,0.5520,-0.0809
61.262,-1.2933,0.5516,-0.0808
61.283,-1.2888,0.5512,-0.0807
61.304,-1.2845,0.5509,-0.0805
61.325,-1.2801,0.5505,-0.0803
61.346,-1.2758,0.5502,-0.0801
61.367,-1.2714,0.5498,-0.0799
61.388,-1.2670,0.5495,-0.0798
61.409,-1.2627,0.5491,-0.0796
61.430,-1.2583,0.5487,-0.0794
61.451,-1.2541,0.5484,-0.0792
61.472,-1.2501,0.5481,-0.0791
61.493,-1.2460,0.5477,-0.0790
61.514,-1.2421,0.5474,-0.0789
61.535,-1.2383,0.5471,-0.0788
61.556,-1.2345,0.5468,-0.0787
61.577,-1.2306,0.5465,-0.0786
61.598,-1.2268,0.5462,-0.0785
61.619,-1.2230,0.5459,-0.0784
61.640,-1.2192,0.5456,-0.0783
61.661,-1.2155,0.5453,-0.0783
61.682,-1.2118,0.5450,-0.0782
61.703,-1.2081,0.5447,-0.0782
61.724,-1.2044,0.5444,-0.0781
61.745,-1.2007,0.5441,-0.0779
61.766,-1.1970,0.5438,-0.0777
61.787,-1.1933,0.5435,-0.0775
61.808,-1.1897,0.5432,-0.0774
61.829,-1.1861,0.5430,-0.0773
61.850,-1.1825,0.5427,-0.0773
61.871,-1.1789,0.5424,-0.0772
61.892,-1.1753,0.5421,-0.0772
61.913,-1.1718,0.5418,-0.0771
61.934,-1.1685,0.5416,-0.0770
61.955,-1.1652,0.5413,-0.0768
61.976,-1.1620,0.5411,-0.0767
61.997,-1.1587,0.5408,-0.0765
62.018,-1.1554,0.5406,-0.0764
62.039,-1.1523,0.5403,-0.0763
62.060,-1.1491,0.5401,-0.0763
62.081,-1.1460,0.5398,-0.0762
62.102,-1.1430,0.5396,-0.0761
62.123,-1.1399,0.5394,-0.0760
62.144,-1.1369,0.5391,-0.0758
62.165,-1.1338,0.5389,-0.0757
62.186,-1.1308,0.5386,-0.0756
62.207,-1.1278,0.5384,-0.0754
62.228,-1.1248,0.5382,-0.0753
62.249,-1.1219,0.5380,-0.0753
62.270,-1.1189,0.5377,-0.0752
62.291,-1.1160,0.5375,-0.0752
62.312,-1.1132,0.5373,-0.0751
62.333,-1.1105,0.5371,-0.0751
62.354,-1.1079,0.5369,-0.0751
62.375,-1.1053,0.5367,-0.0751
62.396,-1.1028,0.5365,-0.0751
62.417,-1.1002,0.5363,-0.0751
62.438,-1.0977,0.5361,-0.0751
62.459,-1.0951,0.5359,-0.0751
62.480,-1.0926,0.5357,-0.0751
62.501,-1.0901,0.5356,-0.0751
62.522,-1.0877,0.5354,-0.0751
62.543,-1.0852,0.5352,-0.0752
62.564,-1.0828,0.5350,-0.0752
62.585,-1.0804,0.5348,-0.0751
62.606,-1.0781,0.5347,-0.0751
62.627,-1.0758,0.5345,-0.0752
62.648,-1.0734,0.5343,-0.0752
62.669,-1.0711,0.5342,-0.0752
62.690,-1.0689,0.5340,-0.0752
62.711,-1.0666,0.5338,-0.0752
62.732,-1.0644,0.5337,-0.0752
62.753,-1.0622,0.5335,-0.0752
62.774,-1.0600,0.5333,-0.0752
62.795,-1.0579,0.5332,-0.0751
62.816,-1.0558,0.5330,-0.0750
62.837,-1.0536,0.5329,-0.0750
62.858,-1.0516,0.5327,-0.0749
62.879,-1.0495,0.5326,-0.0749
62.900,-1.0475,0.5324,-0.0749
62.921,-1.0455,0.5323,-0.0749
62.942,-1.0435,0.5321,-0.0749
62.963,-1.0415,0.5320,-0.0749
62.984,-1.0396,0.5318,-0.0749
63.005,-1.0377,0.5317,-0.0749
63.026,-1.0358,0.5316,-0.0749
63.047,-1.0339,0.5314,-0.0749
63.068,-1.0321,0.5313,-0.0749
63.089,-1.0303,0.5312,-0.0749
63.110,-1.0285,0.5310,-0.0749
63.131,-1.0267,0.5309,-0.0749
63.152,-1.0250,0.5308,-0.0749
63.173,-1.0232,0.5306,-0.0749
63.194,-1.0215,0.5305,-0.0749
63.215,-1.0198,0.5304,-0.0749
63.236,-1.0181,0.5303,-0.0749
63.257,-1.0165,0.5302,-0.0749
63.278,-1.0148,0.5300,-0.0749
63.299,-1.0131,0.5299,-0.0749
63.320,-1.0116,0.5298,-0.0749
63.341,-1.0100,0.5297,-0.0749
63.362,-1.0085,0.5296,-0.0749
63.383,-1.0070,0.5295,-0.0749
63.404,-1.0056,0.5294,-0.0749
63.425,-1.0041,0.5293,-0.0749
63.446,-1.0026,0.5292,-0.0749
63.467,-1.0012,0.5291,-0.0749
63.488,-0.9998,0.5290,-0.0749
63.509,-0.9985,0.5289,-0.0749
63.530,-0.9971,0.5288,-0.0749
63.551,-0.9958,0.5287,-0.0749
63.572,-0.9945,0.5287,-0.0749
63.593,-0.9933,0.5286,-0.0748
63.614,-0.9920,0.5285,-0.0748
63.635,-0.9908,0.5284,-0.0748
63.656,-0.9896,0.5283,-0.0748
63.677,-0.9883,0.5282,-0.0748
63.698,-0.9871,0.5282,-0.0748
63.719,-0.9859,0.5281,-0.0748
63.740,-0.9848,0.5280,-0.0748
63.761,-0.9837,0.5279,-0.0748
63.782,-0.9826,0.5278,-0.0742
63.803,-0.9816,0.5277,-0.0731
63.824,-0.9806,0.5276,-0.0721
63.845,-0.9796,0.5275,-0.0710
63.866,-0.9786,0.5274,-0.0700
63.887,-0.9776,0.5272,-0.0686
63.908,-0.9767,0.5271,-0.0670
63.929,-0.9758,0.5270,-0.0654
63.950,-0.9750,0.5269,-0.0639
63.971,-0.9750,0.5269,-0.0639
63.992,-0.9750,0.5269,-0.0639
64.013,-0.9750,0.5269,-0.0639
64.034,-0.9750,0.5269,-0.0639
64.055,-0.9750,0.5268,-0.0636
64.076,-0.9750,0.5267,-0.0611
64.097,-0.9750,0.5266,-0.0586
64.118,-0.9750,0.5265,-0.0561
64.139,-0.9750,0.5264,-0.0536
64.160,-0.9750,0.5263,-0.0511
64.181,-0.9750,0.5262,-0.0487
64.202,-0.9750,0.5260,-0.0462
64.223,-0.9750,0.5259,-0.0437
64.244,-0.9750,0.5258,-0.0412
64.265,-0.9750,0.5257,-0.0388
64.286,-0.9750,0.5256,-0.0363
64.307,-0.9750,0.5255,-0.0345
64.328,-0.9750,0.5255,-0.0345
64.349,-0.9750,0.5255,-0.0345
64.370,-0.9750,0.5255,-0.0345
64.391,-0.9750,0.5255,-0.0345
64.412,-0.9750,0.5255,-0.0345
64.433,-0.9750,0.5255,-0.0345
64.454,-0.9750,0.5255,-0.0345
64.475,-0.9750,0.5255,-0.0345
64.496,-0.9750,0.5255,-0.0345
64.517,-0.9750,0.5255,-0.0345
64.538,-0.9750,0.5255,-0.0345
64.559,-0.9750,0.5255,-0.0345
64.580,-0.9750,0.5255,-0.0345
64.601,-0.9750,0.5255,-0.0345
64.622,-0.9737,0.5255,-0.0356
64.643,-0.9717,0.5255,-0.0374
64.664,-0.9695,0.5255,-0.0392
64.685,-0.9675,0.5255,-0.0410
64.706,-0.9654,0.5255,-0.0429
64.727,-0.9623,0.5255,-0.0445
64.748,-0.9581,0.5254,-0.0459
64.769,-0.9539,0.5254,-0.0473
64.790,-0.9497,0.5253,-0.0487
64.811,-0.9455,0.5253,-0.0501
64.832,-0.9413,0.5252,-0.0515
64.853,-0.9360,0.5251,-0.0522
64.874,-0.9297,0.5249,-0.0522
64.895,-0.9234,0.5248,-0.0522
64.916,-0.9171,0.5246,-0.0522
64.937,-0.9108,0.5244,-0.0522
64.958,-0.9039,0.5242,-0.0522
64.979,-0.8955,0.5239,-0.0520
65.000,-0.8871,0.5236,-0.0517
65.021,-0.8787,0.5234,-0.0515
65.042,-0.8703,0.5231,-0.0512
65.063,-0.8620,0.5228,-0.0510
65.084,-0.8541,0.5225,-0.0507
65.105,-0.8461,0.5223,-0.0503
65.126,-0.8382,0.5220,-0.0500
65.147,-0.8302,0.5217,-0.0497
65.168,-0.8223,0.5215,-0.0494
65.189,-0.8143,0.5212,-0.0491
65.210,-0.8063,0.5210,-0.0487
65.231,-0.7983,0.5207,-0.0484
65.252,-0.7902,0.5205,-0.0481
65.273,-0.7822,0.5202,-0.0477
65.294,-0.7741,0.5200,-0.0474
65.315,-0.7660,0.5197,-0.0472
65.336,-0.7579,0.5194,-0.0469
65.357,-0.7497,0.5192,-0.0467
65.378,-0.7416,0.5189,-0.0464
65.399,-0.7337,0.5187,-0.0462
65.420,-0.7260,0.5185,-0.0459
65.441,-0.7182,0.5182,-0.0457
65.462,-0.7105,0.5180,-0.0454
65.483,-0.7027,0.5178,-0.0451
65.504,-0.6950,0.5175,-0.0449
65.525,-0.6875,0.5173,-0.0446
65.546,-0.6801,0.5171,-0.0442
65.567,-0.6727,0.5169,-0.0439
65.588,-0.6653,0.5167,-0.0436
65.609,-0.6579,0.5164,-0.0433
65.630,-0.6508,0.5162,-0.0430
65.651,-0.6439,0.5161,-0.0429
65.672,-0.6369,0.5159,-0.0427
65.693,-0.6300,0.5157,-0.0425
65.714,-0.6232,0.5155,-0.0423
65.735,-0.6166,0.5153,-0.0420
65.756,-0.6100,0.5151,-0.0418
65.777,-0.6034,0.5149,-0.0416
65.798,-0.5968,0.5148,-0.0413
65.819,-0.5906,0.5146,-0.0411
65.840,-0.5844,0.5145,-0.0408
65.861,-0.5783,0.5143,-0.0405
65.882,-0.5722,0.5142,-0.0403
65.903,-0.5663,0.5140,-0.0401
65.924,-0.5603,0.5139,-0.0400
65.945,-0.5544,0.5137,-0.0398
65.966,-0.5484,0.5136,-0.0396
65.987,-0.5425,0.5134,-0.0395
66.008,-0.5366,0.5133,-0.0393
66.029,-0.5308,0.5131,-0.0391
66.050,-0.5252,0.5130,-0.0390
66.071,-0.5196,0.5129,-0.0388
66.092,-0.5143,0.5127,-0.0387
66.113,-0.5089,0.5126,-0.0386
66.134,-0.5035,0.5125,-0.0385
66.155,-0.4981,0.5124,-0.0384
66.176,-0.4927,0.5123,-0.0384
66.197,-0.4876,0.5121,-0.0383
66.218,-0.4826,0.5120,-0.0382
66.239,-0.4775,0.5119,-0.0381
66.260,-0.4725,0.5118,-0.0380
66.281,-0.4676,0.5117,-0.0379
66.302,-0.4628,0.5116,-0.0377
66.323,-0.4579,0.5115,-0.0375
66.344,-0.4531,0.5114,-0.0374
66.365,-0.4483,0.5113,-0.0372
66.386,-0.4437,0.5112,-0.0370
66.407,-0.4391,0.5111,-0.0368
66.428,-0.4345,0.5110,-0.0366
66.449,-0.4299,0.5109,-0.0364
66.470,-0.4253,0.5108,-0.0362
66.491,-0.4210,0.5107,-0.0360
66.512,-0.4167,0.5107,-0.0360
66.533,-0.4125,0.5106,-0.0359
66.554,-0.4082,0.5105,-0.0358
66.575,-0.4041,0.5104,-0.0357
66.596,-0.4001,0.5103,-0.0355
66.617,-0.3961,0.5103,-0.0354
66.638,-0.3920,0.5102,-0.0353
66.659,-0.3880,0.5101,-0.0351
66.680,-0.3842,0.5100,-0.0350
66.701,-0.3805,0.5100,-0.0350
66.722,-0.3767,0.5099,-0.0350
66.743,-0.3730,0.5098,-0.0349
66.764,-0.3693,0.5098,-0.0348
66.785,-0.3656,0.5097,-0.0348
66.806,-0.3619,0.5096,-0.0347
66.827,-0.3582,0.5096,-0.0347
66.848,-0.3545,0.5095,-0.0346
66.869,-0.3509,0.5094,-0.0346
66.890,-0.3475,0.5094,-0.0346
66.911,-0.3442,0.5093,-0.0346
66.932,-0.3408,0.5093,-0.0346
66.953,-0.3375,0.5092,-0.0346
66.974,-0.3342,0.5092,-0.0346
66.995,-0.3309,0.5091,-0.0346
67.016,-0.3276,0.5091,-0.0346
67.037,-0.3243,0.5090,-0.0346
67.058,-0.3211,0.5090,-0.0346
67.079,-0.3179,0.5089,-0.0346
67.100,-0.3148,0.5089,-0.0346
67.121,-0.3116,0.5088,-0.0346
67.142,-0.3085,0.5088,-0.0346
67.163,-0.3056,0.5087,-0.0346
67.184,-0.3027,0.5087,-0.0346
67.205,-0.2999,0.5087,-0.0346
67.226,-0.2970,0.5086,-0.0346
67.247,-0.2942,0.5086,-0.0346
67.268,-0.2914,0.5086,-0.0346
67.289,-0.2886,0.5085,-0.0346
67.310,-0.2858,0.5085,-0.0346
67.331,-0.2830,0.5085,-0.0346
67.352,-0.2802,0.5084,-0.0346
67.373,-0.2775,0.5084,-0.0346
67.394,-0.2748,0.5084,-0.0346
67.415,-0.2721,0.5083,-0.0346
67.436,-0.2694,0.5083,-0.0346
67.457,-0.2668,0.5083,-0.0346
67.478,-0.2642,0.5083,-0.0346
67.499,-0.2616,0.5082,-0.0346
67.520,-0.2590,0.5082,-0.0346
67.541,-0.2565,0.5082,-0.0346
67.562,-0.2542,0.5082,-0.0346
67.583,-0.2519,0.5082,-0.0346
67.604,-0.2497,0.5081,-0.0346
67.625,-0.2474,0.5081,-0.0346
67.646,-0.2451,0.5081,-0.0346
67.667,-0.2428,0.5081,-0.0346
67.688,-0.2406,0.5081,-0.0346
67.709,-0.2385,0.5081,-0.0346
67.730,-0.2363,0.5081,-0.0346
67.751,-0.2342,0.5081,-0.0346
67.772,-0.2320,0.5081,-0.0346
67.793,-0.2299,0.5080,-0.0346
67.814,-0.2277,0.5080,-0.0346
67.835,-0.2255,0.5080,-0.0346
67.856,-0.2235,0.5080,-0.0347
67.877,-0.2215,0.5080,-0.0348
67.898,-0.2194,0.5080,-0.0349
67.919,-0.2173,0.5080,-0.0350
67.940,-0.2153,0.5080,-0.0351
67.961,-0.2134,0.5080,-0.0351
67.982,-0.2114,0.5080,-0.0351
68.003,-0.2095,0.5080,-0.0350
68.024,-0.2076,0.5081,-0.0350
68.045,-0.2057,0.5081,-0.0351
68.066,-0.2039,0.5081,-0.0352
68.087,-0.2020,0.5081,-0.0353
68.108,-0.2002,0.5081,-0.0353
68.129,-0.1984,0.5081,-0.0354
68.150,-0.1966,0.5081,-0.0356
68.171,-0.1949,0.5082,-0.0357
68.192,-0.1932,0.5082,-0.0359
68.213,-0.1915,0.5082,-0.0361
68.234,-0.1898,0.5082,-0.0362
68.255,-0.1882,0.5083,-0.0363
68.276,-0.1866,0.5083,-0.0364
68.297,-0.1850,0.5083,-0.0365
68.318,-0.1834,0.5084,-0.0366
68.339,-0.1820,0.5083,-0.0352
68.360,-0.1808,0.5081,-0.0336
68.381,-0.1795,0.5080,-0.0320
68.402,-0.1782,0.5079,-0.0304
68.423,-0.1770,0.5078,-0.0288
68.444,-0.1756,0.5077,-0.0283
68.465,-0.1742,0.5077,-0.0283
68.486,-0.1728,0.5077,-0.0283
68.507,-0.1714,0.5076,-0.0283
68.528,-0.1701,0.5076,-0.0283
68.549,-0.1688,0.5076,-0.0284
68.570,-0.1676,0.5075,-0.0285
68.591,-0.1663,0.5075,-0.0285
68.612,-0.1650,0.5075,-0.0286
68.633,-0.1638,0.5074,-0.0286
68.654,-0.1627,0.5074,-0.0286
68.675,-0.1615,0.5074,-0.0286
68.696,-0.1603,0.5073,-0.0286
68.717,-0.1592,0.5073,-0.0286
68.738,-0.1581,0.5073,-0.0287
68.759,-0.1570,0.5072,-0.0288
68.780,-0.1560,0.5072,-0.0288
68.801,-0.1549,0.5072,-0.0289
68.822,-0.1539,0.5072,-0.0290
68.843,-0.1529,0.5071,-0.0274
68.864,-0.1520,0.5070,-0.0254
68.885,-0.1510,0.5069,-0.0235
68.906,-0.1501,0.5068,-0.0215
68.927,-0.1492,0.5066,-0.0195
68.948,-0.1483,0.5065,-0.0175
68.969,-0.1475,0.5064,-0.0155
68.990,-0.1467,0.5063,-0.0135
69.011,-0.1458,0.5062,-0.0115
69.032,-0.1450,0.5061,-0.0095
69.053,-0.1443,0.5060,-0.0077
69.074,-0.1436,0.5059,-0.0059
69.095,-0.1429,0.5059,-0.0042
69.116,-0.1422,0.5058,-0.0024
69.137,-0.1414,0.5057,-0.0006
69.158,-0.1407,0.5056,0.0012
69.179,-0.1398,0.5055,0.0029
69.200,-0.1390,0.5055,0.0046
69.221,-0.1389,0.5055,0.0047
69.242,-0.1389,0.5055,0.0047
69.263,-0.1389,0.5055,0.0047
69.284,-0.1389,0.5055,0.0047
69.305,-0.1389,0.5055,0.0029
69.326,-0.1389,0.5065,-0.0180
69.347,-0.1389,0.5074,-0.0387
69.368,-0.1388,0.5084,-0.0590
69.389,-0.1386,0.5094,-0.0794
69.410,-0.1385,0.5103,-0.1001
69.431,-0.1384,0.5113,-0.1208
69.452,-0.1383,0.5122,-0.1415
69.473,-0.1381,0.5132,-0.1621
69.494,-0.1379,0.5141,-0.1827
69.515,-0.1377,0.5150,-0.2033
69.536,-0.1375,0.5160,-0.2239
69.557,-0.1372,0.5169,-0.2445
69.578,-0.1370,0.5178,-0.2652
69.599,-0.1367,0.5187,-0.2858
69.620,-0.1364,0.5197,-0.3064
69.641,-0.1361,0.5206,-0.3270
69.662,-0.1357,0.5215,-0.3476
69.683,-0.1354,0.5223,-0.3682
69.704,-0.1350,0.5232,-0.3888
69.725,-0.1346,0.5241,-0.4094
69.746,-0.1342,0.5250,-0.4300
69.767,-0.1338,0.5258,-0.4506
69.788,-0.1334,0.5267,-0.4712
69.809,-0.1329,0.5275,-0.4918
69.830,-0.1324,0.5283,-0.5124
69.851,-0.1319,0.5292,-0.5330
69.872,-0.1314,0.5300,-0.5536
69.893,-0.1309,0.5308,-0.5742
69.914,-0.1303,0.5315,-0.5948
69.935,-0.1298,0.5323,-0.6154
69.956,-0.1292,0.5331,-0.6360
69.977,-0.1286,0.5338,-0.6566
69.998,-0.1280,0.5346,-0.6772
70.019,-0.1274,0.5353,-0.6978
70.040,-0.1268,0.5360,-0.7184
70.061,-0.1261,0.5367,-0.7389
70.082,-0.1254,0.5374,-0.7595
70.103,-0.1248,0.5381,-0.7801
70.124,-0.1241,0.5387,-0.8008
70.145,-0.1233,0.5394,-0.8214
70.166,-0.1227,0.5400,-0.8411
70.187,-0.1220,0.5406,-0.8604
70.208,-0.1213,0.5411,-0.8794
70.229,-0.1206,0.5416,-0.8978
70.250,-0.1199,0.5422,-0.9162
70.271,-0.1193,0.5426,-0.9333
70.292,-0.1186,0.5431,-0.9504
70.313,-0.1180,0.5435,-0.9670
70.334,-0.1174,0.5439,-0.9832
70.355,-0.1167,0.5443,-0.9992
70.376,-0.1161,0.5447,-1.0142
70.397,-0.1155,0.5450,-1.0293
70.418,-0.1150,0.5453,-1.0437
70.439,-0.1144,0.5457,-1.0580
70.460,-0.1138,0.5460,-1.0718
70.481,-0.1133,0.5462,-1.0851
70.502,-0.1127,0.5465,-1.0983
70.523,-0.1122,0.5468,-1.1109
70.544,-0.1116,0.5470,-1.1235
70.565,-0.1111,0.5473,-1.1355
70.586,-0.1106,0.5475,-1.1472
70.607,-0.1101,0.5477,-1.1587
70.628,-0.1097,0.5479,-1.1697
70.649,-0.1092,0.5481,-1.1808
70.670,-0.1087,0.5482,-1.1911
70.691,-0.1083,0.5484,-1.2013
70.712,-0.1079,0.5486,-1.2113
70.733,-0.1074,0.5487,-1.2210
70.754,-0.1070,0.5489,-1.2306
70.775,-0.1066,0.5490,-1.2397
70.796,-0.1062,0.5491,-1.2487
70.817,-0.1058,0.5493,-1.2574
70.838,-0.1055,0.5494,-1.2659
70.859,-0.1051,0.5495,-1.2743
70.880,-0.1047,0.5496,-1.2822
70.901,-0.1044,0.5497,-1.2901
70.922,-0.1040,0.5498,-1.2977
70.943,-0.1037,0.5499,-1.3052
70.964,-0.1034,0.5500,-1.3124
70.985,-0.1031,0.5500,-1.3194
71.006,-0.1028,0.5501,-1.3263
71.027,-0.1025,0.5502,-1.3329
71.048,-0.1022,0.5503,-1.3395
71.069,-0.1019,0.5503,-1.3457
71.090,-0.1016,0.5504,-1.3518
71.111,-0.1013,0.5505,-1.3577
71.132,-0.1011,0.5505,-1.3635
71.153,-0.1008,0.5506,-1.3693
71.174,-0.1006,0.5506,-1.3746
71.195,-0.1003,0.5507,-1.3800
71.216,-0.1001,0.5507,-1.3853
71.237,-0.0999,0.5507,-1.3905
71.258,-0.0996,0.5508,-1.3958
71.279,-0.0994,0.5508,-1.4010
71.300,-0.0991,0.5509,-1.4063
71.321,-0.0989,0.5509,-1.4115
71.342,-0.0986,0.5509,-1.4167
71.363,-0.0984,0.5510,-1.4220
71.384,-0.0982,0.5510,-1.4272
71.405,-0.0979,0.5511,-1.4325
71.426,-0.0977,0.5511,-1.4377
71.447,-0.0974,0.5511,-1.4430
71.468,-0.0973,0.5511,-1.4467
71.489,-0.0971,0.5512,-1.4502
71.510,-0.0970,0.5512,-1.4535
71.531,-0.0968,0.5512,-1.4568
71.552,-0.0967,0.5512,-1.4600
71.573,-0.0965,0.5512,-1.4630
71.594,-0.0964,0.5512,-1.4660
71.615,-0.0962,0.5513,-1.4689
71.636,-0.0961,0.5513,-1.4718
71.657,-0.0960,0.5513,-1.4746
71.678,-0.0959,0.5513,-1.4772
71.699,-0.0957,0.5513,-1.4798
71.720,-0.0956,0.5513,-1.4824
71.741,-0.0955,0.5513,-1.4849
71.762,-0.0954,0.5513,-1.4874
71.783,-0.0953,0.5513,-1.4899
71.804,-0.0952,0.5514,-1.4924
71.825,-0.0950,0.5514,-1.4950
71.846,-0.0949,0.5514,-1.4975
71.867,-0.0948,0.5514,-1.5000
71.888,-0.0947,0.5514,-1.5025
71.909,-0.0946,0.5514,-1.5051
71.930,-0.0945,0.5514,-1.5076
71.951,-0.0943,0.5514,-1.5101
71.972,-0.0942,0.5514,-1.5126
71.993,-0.0941,0.5514,-1.5151
72.014,-0.0940,0.5514,-1.5176
72.035,-0.0939,0.5514,-1.5202
72.056,-0.0938,0.5514,-1.5227
72.077,-0.0936,0.5515,-1.5252
72.098,-0.0935,0.5515,-1.5277
72.119,-0.0934,0.5515,-1.5302
72.140,-0.0933,0.5515,-1.5328
72.161,-0.0932,0.5515,-1.5353
72.182,-0.0931,0.5515,-1.5378
72.203,-0.0929,0.5515,-1.5403
72.224,-0.0928,0.5515,-1.5428
72.245,-0.0927,0.5515,-1.5454
72.266,-0.0926,0.5515,-1.5479
72.287,-0.0925,0.5515,-1.5504
72.308,-0.0924,0.5515,-1.5529
72.329,-0.0922,0.5515,-1.5554
72.350,-0.0921,0.5515,-1.5580
72.371,-0.0921,0.5515,-1.5581
72.392,-0.0921,0.5515,-1.5581
72.413,-0.0921,0.5515,-1.5581
72.434,-0.0921,0.5515,-1.5581
72.455,-0.0921,0.5515,-1.5581
72.476,-0.0921,0.5515,-1.5581
72.497,-0.0921,0.5515,-1.5581
72.518,-0.0921,0.5515,-1.5581
72.539,-0.0921,0.5515,-1.5581
72.560,-0.0921,0.5515,-1.5581
72.581,-0.0921,0.5515,-1.5581
72.602,-0.0921,0.5515,-1.5581
72.623,-0.0921,0.5515,-1.5581
72.644,-0.0921,0.5515,-1.5581
72.665,-0.0921,0.5511,-1.5585
72.686,-0.0920,0.5490,-1.5608
72.707,-0.0918,0.5469,-1.5632
72.728,-0.0917,0.5449,-1.5655
72.749,-0.0916,0.5428,-1.5679
72.770,-0.0915,0.5407,-1.5702
72.791,-0.0914,0.5386,-1.5725
72.812,-0.0912,0.5352,-1.5746
72.833,-0.0910,0.5313,-1.5766
72.854,-0.0908,0.5273,-1.5787
72.875,-0.0906,0.5234,-1.5807
72.896,-0.0905,0.5195,-1.5827
72.917,-0.0903,0.5151,-1.5847
72.938,-0.0901,0.5091,-1.5866
72.959,-0.0899,0.5031,-1.5884
72.980,-0.0897,0.4971,-1.5903
73.001,-0.0895,0.4911,-1.5921
73.022,-0.0894,0.4851,-1.5940
73.043,-0.0892,0.4785,-1.5958
73.064,-0.0890,0.4705,-1.5977
73.085,-0.0889,0.4624,-1.5994
73.106,-0.0887,0.4544,-1.6012
73.127,-0.0886,0.4463,-1.6029
73.148,-0.0885,0.4383,-1.6045
73.169,-0.0884,0.4302,-1.6061
73.190,-0.0883,0.4222,-1.6077
73.211,-0.0882,0.4141,-1.6092
73.232,-0.0881,0.4061,-1.6107
73.253,-0.0881,0.3980,-1.6121
73.274,-0.0881,0.3899,-1.6134
73.295,-0.0884,0.3815,-1.6141
73.316,-0.0888,0.3731,-1.6147
73.337,-0.0891,0.3647,-1.6153
73.358,-0.0895,0.3564,-1.6159
73.379,-0.0896,0.3480,-1.6167
73.400,-0.0896,0.3398,-1.6177
73.421,-0.0895,0.3315,-1.6187
73.442,-0.0895,0.3232,-1.6196
73.463,-0.0898,0.3149,-1.6201
73.484,-0.0902,0.3065,-1.6206
73.505,-0.0906,0.2981,-1.6210
73.526,-0.0909,0.2897,-1.6214
73.547,-0.0913,0.2813,-1.6218
73.568,-0.0913,0.2730,-1.6227
73.589,-0.0913,0.2647,-1.6237
73.610,-0.0913,0.2564,-1.6246
73.631,-0.0914,0.2481,-1.6253
73.652,-0.0918,0.2397,-1.6255
73.673,-0.0922,0.2313,-1.6257
73.694,-0.0926,0.2229,-1.6259
73.715,-0.0930,0.2146,-1.6261
73.736,-0.0931,0.2064,-1.6263
73.757,-0.0933,0.1982,-1.6266
73.778,-0.0934,0.1900,-1.6268
73.799,-0.0936,0.1819,-1.6271
73.820,-0.0937,0.1737,-1.6273
73.841,-0.0941,0.1654,-1.6274
73.862,-0.0945,0.1570,-1.6274
73.883,-0.0950,0.1486,-1.6274
73.904,-0.0955,0.1402,-1.6274
73.925,-0.0960,0.1318,-1.6274
73.946,-0.0964,0.1234,-1.6274
73.967,-0.0969,0.1151,-1.6274
73.988,-0.0974,0.1067,-1.6274
74.009,-0.0979,0.0983,-1.6274
74.030,-0.0983,0.0899,-1.6274
74.051,-0.0988,0.0815,-1.6274
74.072,-0.0993,0.0731,-1.6274
74.093,-0.0998,0.0648,-1.6274
74.114,-0.1002,0.0565,-1.6274
74.135,-0.1007,0.0482,-1.6274
74.156,-0.1012,0.0399,-1.6274
74.177,-0.1016,0.0318,-1.6274
74.198,-0.1021,0.0236,-1.6273
74.219,-0.1026,0.0154,-1.6272
74.240,-0.1030,0.0073,-1.6272
74.261,-0.1035,-0.0009,-1.6271
74.282,-0.1040,-0.0091,-1.6270
74.303,-0.1044,-0.0173,-1.6269
74.324,-0.1049,-0.0257,-1.6268
74.345,-0.1054,-0.0341,-1.6268
74.366,-0.1059,-0.0425,-1.6267
74.387,-0.1063,-0.0509,-1.6266
74.408,-0.1068,-0.0593,-1.6265
74.429,-0.1073,-0.0677,-1.6264
74.450,-0.1077,-0.0760,-1.6263
74.471,-0.1082,-0.0844,-1.6261
74.492,-0.1087,-0.0928,-1.6259
74.513,-0.1092,-0.1012,-1.6258
74.534,-0.1096,-0.1096,-1.6256
74.555,-0.1101,-0.1180,-1.6255
74.576,-0.1106,-0.1264,-1.6253
74.597,-0.1110,-0.1347,-1.6252
74.618,-0.1115,-0.1430,-1.6251
74.639,-0.1119,-0.1513,-1.6250
74.660,-0.1124,-0.1595,-1.6249
74.681,-0.1128,-0.1678,-1.6248
74.702,-0.1133,-0.1761,-1.6247
74.723,-0.1137,-0.1844,-1.6246
74.744,-0.1142,-0.1926,-1.6244
74.765,-0.1146,-0.2009,-1.6243
74.786,-0.1151,-0.2092,-1.6241
74.807,-0.1155,-0.2174,-1.6240
74.828,-0.1160,-0.2257,-1.6238
74.849,-0.1164,-0.2340,-1.6236
74.870,-0.1169,-0.2424,-1.6234
74.891,-0.1173,-0.2508,-1.6232
74.912,-0.1178,-0.2592,-1.6230
74.933,-0.1182,-0.2675,-1.6228
74.954,-0.1187,-0.2758,-1.6225
74.975,-0.1191,-0.2840,-1.6223
74.996,-0.1195,-0.2923,-1.6220
75.017,-0.1200,-0.3006,-1.6218
75.038,-0.1204,-0.3088,-1.6215
75.059,-0.1208,-0.3171,-1.6213
75.080,-0.1213,-0.3254,-1.6210
75.101,-0.1217,-0.3337,-1.6207
75.122,-0.1221,-0.3419,-1.6204
75.143,-0.1225,-0.3502,-1.6201
75.164,-0.1230,-0.3585,-1.6198
75.185,-0.1234,-0.3669,-1.6195
75.206,-0.1238,-0.3753,-1.6191
75.227,-0.1242,-0.3836,-1.6188
75.248,-0.1247,-0.3920,-1.6185
75.269,-0.1251,-0.4004,-1.6182
75.290,-0.1255,-0.4088,-1.6178
75.311,-0.1259,-0.4172,-1.6175
75.332,-0.1263,-0.4256,-1.6171
75.353,-0.1267,-0.4340,-1.6167
75.374,-0.1271,-0.4424,-1.6163
75.395,-0.1275,-0.4508,-1.6159
75.416,-0.1279,-0.4592,-1.6155
75.437,-0.1283,-0.4675,-1.6151
75.458,-0.1287,-0.4759,-1.6149
75.479,-0.1291,-0.4843,-1.6147
75.500,-0.1294,-0.4927,-1.6144
75.521,-0.1298,-0.5011,-1.6142
75.542,-0.1302,-0.5095,-1.6140
75.563,-0.1306,-0.5179,-1.6139
75.584,-0.1309,-0.5263,-1.6137
75.605,-0.1313,-0.5347,-1.6135
75.626,-0.1316,-0.5431,-1.6134
75.647,-0.1320,-0.5515,-1.6132
75.668,-0.1324,-0.5599,-1.6131
75.689,-0.1327,-0.5682,-1.6129
75.710,-0.1331,-0.5766,-1.6127
75.731,-0.1335,-0.5849,-1.6125
75.752,-0.1338,-0.5932,-1.6122
75.773,-0.1342,-0.6014,-1.6120
75.794,-0.1345,-0.6097,-1.6117
75.815,-0.1349,-0.6180,-1.6115
75.836,-0.1352,-0.6263,-1.6113
75.857,-0.1356,-0.6346,-1.6110
75.878,-0.1359,-0.6429,-1.6108
75.899,-0.1362,-0.6511,-1.6105
75.920,-0.1366,-0.6594,-1.6103
75.941,-0.1369,-0.6678,-1.6100
75.962,-0.1373,-0.6762,-1.6097
75.983,-0.1376,-0.6846,-1.6094
76.004,-0.1380,-0.6930,-1.6090
76.025,-0.1383,-0.7014,-1.6087
76.046,-0.1386,-0.7097,-1.6084
76.067,-0.1389,-0.7181,-1.6081
76.088,-0.1393,-0.7265,-1.6078
76.109,-0.1396,-0.7349,-1.6074
76.130,-0.1399,-0.7433,-1.6072
76.151,-0.1402,-0.7517,-1.6069
76.172,-0.1405,-0.7601,-1.6067
76.193,-0.1409,-0.7685,-1.6064
76.214,-0.1412,-0.7769,-1.6062
76.235,-0.1415,-0.7850,-1.6060
76.256,-0.1418,-0.7931,-1.6058
76.277,-0.1420,-0.8011,-1.6056
76.298,-0.1423,-0.8092,-1.6054
76.319,-0.1426,-0.8172,-1.6052
76.340,-0.1429,-0.8254,-1.6049
76.361,-0.1432,-0.8335,-1.6046
76.382,-0.1435,-0.8417,-1.6043
76.403,-0.1438,-0.8498,-1.6041
76.424,-0.1441,-0.8579,-1.6038
76.445,-0.1443,-0.8662,-1.6035
76.466,-0.1446,-0.8744,-1.6032
76.487,-0.1449,-0.8827,-1.6029
76.508,-0.1452,-0.8910,-1.6026
76.529,-0.1455,-0.8992,-1.6024
76.550,-0.1457,-0.9075,-1.6021
76.571,-0.1460,-0.9158,-1.6018
76.592,-0.1463,-0.9240,-1.6015
76.613,-0.1465,-0.9324,-1.6013
76.634,-0.1468,-0.9408,-1.6011
76.655,-0.1471,-0.9492,-1.6009
76.676,-0.1473,-0.9576,-1.6007
76.697,-0.1476,-0.9660,-1.6005
76.718,-0.1478,-0.9742,-1.6003
76.739,-0.1481,-0.9820,-1.6001
76.760,-0.1483,-0.9898,-1.5999
76.781,-0.1485,-0.9976,-1.5997
76.802,-0.1488,-1.0054,-1.5995
76.823,-0.1490,-1.0126,-1.5994
76.844,-0.1492,-1.0199,-1.5992
76.865,-0.1494,-1.0272,-1.5991
76.886,-0.1496,-1.0345,-1.5990
76.907,-0.1498,-1.0415,-1.5989
76.928,-0.1500,-1.0485,-1.5988
76.949,-0.1502,-1.0555,-1.5986
76.970,-0.1504,-1.0625,-1.5985
76.991,-0.1506,-1.0694,-1.5984
77.012,-0.1508,-1.0761,-1.5982
77.033,-0.1510,-1.0828,-1.5980
77.054,-0.1512,-1.0894,-1.5978
77.075,-0.1514,-1.0958,-1.5976
77.096,-0.1516,-1.1022,-1.5974
77.117,-0.1517,-1.1085,-1.5972
77.138,-0.1519,-1.1145,-1.5971
77.159,-0.1521,-1.1205,-1.5969
77.180,-0.1522,-1.1265,-1.5968
77.201,-0.1524,-1.1326,-1.5967
77.222,-0.1526,-1.1385,-1.5965
77.243,-0.1527,-1.1444,-1.5963
77.264,-0.1529,-1.1503,-1.5961
77.285,-0.1530,-1.1562,-1.5959
77.306,-0.1532,-1.1620,-1.5957
77.327,-0.1533,-1.1674,-1.5956
77.348,-0.1535,-1.1727,-1.5955
77.369,-0.1536,-1.1781,-1.5954
77.390,-0.1537,-1.1835,-1.5953
77.411,-0.1539,-1.1889,-1.5952
77.432,-0.1540,-1.1942,-1.5951
77.453,-0.1542,-1.1996,-1.5950
77.474,-0.1543,-1.2050,-1.5949
77.495,-0.1544,-1.2103,-1.5947
77.516,-0.1546,-1.2156,-1.5946
77.537,-0.1547,-1.2208,-1.5944
77.558,-0.1548,-1.2261,-1.5942
77.579,-0.1550,-1.2313,-1.5940
77.600,-0.1551,-1.2365,-1.5938
77.621,-0.1552,-1.2413,-1.5936
77.642,-0.1553,-1.2462,-1.5935
77.663,-0.1554,-1.2509,-1.5933
77.684,-0.1555,-1.2554,-1.5932
77.705,-0.1556,-1.2599,-1.5931
77.726,-0.1557,-1.2644,-1.5930
77.747,-0.1559,-1.2688,-1.5929
77.768,-0.1560,-1.2733,-1.5928
77.789,-0.1561,-1.2778,-1.5927
77.810,-0.1562,-1.2823,-1.5926
77.831,-0.1563,-1.2866,-1.5925
77.852,-0.1563,-1.2908,-1.5925
77.873,-0.1564,-1.2949,-1.5925
77.894,-0.1565,-1.2991,-1.5925
77.915,-0.1566,-1.3031,-1.5925
77.936,-0.1567,-1.3071,-1.5925
77.957,-0.1568,-1.3111,-1.5925
77.978,-0.1569,-1.3150,-1.5925
77.999,-0.1570,-1.3190,-1.5925
78.020,-0.1570,-1.3230,-1.5925
78.041,-0.1571,-1.3269,-1.5925
78.062,-0.1572,-1.3308,-1.5925
78.083,-0.1573,-1.3347,-1.5925
78.104,-0.1574,-1.3385,-1.5925
78.125,-0.1575,-1.3424,-1.5924
78.146,-0.1576,-1.3463,-1.5923
78.167,-0.1576,-1.3501,-1.5922
78.188,-0.1577,-1.3540,-1.5922
78.209,-0.1578,-1.3576,-1.5921
78.230,-0.1579,-1.3611,-1.5921
78.251,-0.1580,-1.3647,-1.5921
78.272,-0.1580,-1.3682,-1.5921
78.293,-0.1581,-1.3717,-1.5921
78.314,-0.1582,-1.3752,-1.5921
78.335,-0.1583,-1.3786,-1.5921
78.356,-0.1583,-1.3821,-1.5921
78.377,-0.1584,-1.3855,-1.5921
78.398,-0.1585,-1.3889,-1.5921
78.419,-0.1585,-1.3922,-1.5921
78.440,-0.1586,-1.3955,-1.5921
78.461,-0.1587,-1.3988,-1.5921
78.482,-0.1588,-1.4022,-1.5921
78.503,-0.1588,-1.4055,-1.5921
78.524,-0.1589,-1.4087,-1.5921
78.545,-0.1590,-1.4117,-1.5921
78.566,-0.1590,-1.4147,-1.5921
78.587,-0.1591,-1.4177,-1.5921
78.608,-0.1592,-1.4206,-1.5918
78.629,-0.1593,-1.4235,-1.5903
78.650,-0.1594,-1.4264,-1.5888
78.671,-0.1595,-1.4293,-1.5873
78.692,-0.1597,-1.4322,-1.5857
78.713,-0.1598,-1.4351,-1.5842
78.734,-0.1599,-1.4379,-1.5826
78.755,-0.1600,-1.4406,-1.5810
78.776,-0.1601,-1.4434,-1.5794
78.797,-0.1602,-1.4462,-1.5778
78.818,-0.1603,-1.4489,-1.5762
78.839,-0.1604,-1.4516,-1.5747
78.860,-0.1604,-1.4542,-1.5731
78.881,-0.1605,-1.4569,-1.5716
78.902,-0.1606,-1.4595,-1.5701
78.923,-0.1606,-1.4621,-1.5687
78.944,-0.1607,-1.4647,-1.5672
78.965,-0.1608,-1.4672,-1.5658
78.986,-0.1608,-1.4696,-1.5644
79.007,-0.1609,-1.4718,-1.5630
79.028,-0.1609,-1.4740,-1.5616
79.049,-0.1609,-1.4762,-1.5603
79.070,-0.1610,-1.4785,-1.5589
79.091,-0.1610,-1.4807,-1.5575
79.112,-0.1610,-1.4829,-1.5562
79.133,-0.1611,-1.4850,-1.5549
79.154,-0.1611,-1.4871,-1.5536
79.175,-0.1611,-1.4893,-1.5523
79.196,-0.1611,-1.4914,-1.5509
79.217,-0.1612,-1.4934,-1.5487
79.238,-0.1613,-1.4954,-1.5465
79.259,-0.1613,-1.4974,-1.5444
79.280,-0.1614,-1.4994,-1.5422
79.301,-0.1614,-1.5014,-1.5400
79.322,-0.1614,-1.5033,-1.5377
79.343,-0.1615,-1.5052,-1.5355
79.364,-0.1615,-1.5071,-1.5332
79.385,-0.1616,-1.5090,-1.5310
79.406,-0.1616,-1.5107,-1.5288
79.427,-0.1616,-1.5125,-1.5266
79.448,-0.1616,-1.5143,-1.5245
79.469,-0.1616,-1.5161,-1.5223
79.490,-0.1617,-1.5179,-1.5201
79.511,-0.1617,-1.5196,-1.5179
79.532,-0.1617,-1.5213,-1.5156
79.553,-0.1617,-1.5230,-1.5134
79.574,-0.1617,-1.5247,-1.5111
79.595,-0.1617,-1.5264,-1.5089
79.616,-0.1617,-1.5280,-1.5067
79.637,-0.1617,-1.5295,-1.5045
79.658,-0.1617,-1.5311,-1.5023
79.679,-0.1617,-1.5327,-1.5001
79.700,-0.1617,-1.5343,-1.4985
79.721,-0.1615,-1.5360,-1.4980
79.742,-0.1614,-1.5376,-1.4975
79.763,-0.1613,-1.5393,-1.4971
79.784,-0.1613,-1.5409,-1.4959
79.805,-0.1613,-1.5425,-1.4937
79.826,-0.1612,-1.5441,-1.4915
79.847,-0.1612,-1.5456,-1.4893
79.868,-0.1612,-1.5472,-1.4872
79.889,-0.1612,-1.5488,-1.4850
79.910,-0.1611,-1.5502,-1.4827
79.931,-0.1611,-1.5517,-1.4805
79.952,-0.1611,-1.5531,-1.4782
79.973,-0.1611,-1.5546,-1.4760
79.994,-0.1611,-1.5553,-1.4727
80.015,-0.1612,-1.5560,-1.4694
80.036,-0.1613,-1.5567,-1.4661
80.057,-0.1614,-1.5574,-1.4628
80.078,-0.1615,-1.5581,-1.4595
80.099,-0.1615,-1.5588,-1.4562
80.120,-0.1616,-1.5595,-1.4529
80.141,-0.1616,-1.5603,-1.4507
80.162,-0.1616,-1.5611,-1.4484
80.183,-0.1616,-1.5619,-1.4462
80.204,-0.1616,-1.5627,-1.4439
80.225,-0.1616,-1.5635,-1.4418
80.246,-0.1616,-1.5643,-1.4398
80.267,-0.1616,-1.5651,-1.4378
80.288,-0.1616,-1.5659,-1.4357
80.309,-0.1616,-1.5666,-1.4338
80.330,-0.1616,-1.5673,-1.4319
80.351,-0.1616,-1.5680,-1.4300
80.372,-0.1616,-1.5687,-1.4281
80.393,-0.1616,-1.5694,-1.4262
80.414,-0.1615,-1.5701,-1.4246
80.435,-0.1615,-1.5709,-1.4229
80.456,-0.1614,-1.5717,-1.4212
80.477,-0.1614,-1.5725,-1.4196
80.498,-0.1614,-1.5733,-1.4180
80.519,-0.1613,-1.5740,-1.4164
80.540,-0.1613,-1.5747,-1.4148
80.561,-0.1612,-1.5753,-1.4132
80.582,-0.1612,-1.5760,-1.4117
80.603,-0.1612,-1.5768,-1.4100
80.624,-0.1611,-1.5776,-1.4083
80.645,-0.1611,-1.5784,-1.4067
80.666,-0.1610,-1.5788,-1.4058
80.687,-0.1610,-1.5788,-1.4058
80.708,-0.1610,-1.5788,-1.4058
80.729,-0.1610,-1.5788,-1.4058
80.750,-0.1610,-1.5788,-1.4058
80.771,-0.1617,-1.5790,-1.3920
80.792,-0.1626,-1.5791,-1.3712
80.813,-0.1635,-1.5794,-1.3505
80.834,-0.1645,-1.5796,-1.3299
80.855,-0.1654,-1.5799,-1.3091
80.876,-0.1663,-1.5802,-1.2884
80.897,-0.1673,-1.5805,-1.2676
80.918,-0.1682,-1.5808,-1.2468
80.939,-0.1691,-1.5811,-1.2262
80.960,-0.1700,-1.5815,-1.2056
80.981,-0.1708,-1.5819,-1.1850
81.002,-0.1717,-1.5823,-1.1644
81.023,-0.1726,-1.5827,-1.1438
81.044,-0.1734,-1.5831,-1.1231
81.065,-0.1743,-1.5835,-1.1025
81.086,-0.1751,-1.5840,-1.0819
81.107,-0.1760,-1.5845,-1.0613
81.128,-0.1768,-1.5849,-1.0406
81.149,-0.1776,-1.5855,-1.0200
81.170,-0.1784,-1.5860,-0.9994
81.191,-0.1792,-1.5865,-0.9788
81.212,-0.1800,-1.5871,-0.9582
81.233,-0.1807,-1.5876,-0.9376
81.254,-0.1815,-1.5882,-0.9170
81.275,-0.1822,-1.5888,-0.8964
81.296,-0.1830,-1.5895,-0.8758
81.317,-0.1837,-1.5901,-0.8553
81.338,-0.1844,-1.5907,-0.8351
81.359,-0.1850,-1.5914,-0.8150
81.380,-0.1857,-1.5920,-0.7958
81.401,-0.1863,-1.5926,-0.7766
81.422,-0.1869,-1.5933,-0.7582
81.443,-0.1874,-1.5939,-0.7404
81.464,-0.1880,-1.5945,-0.7228
81.485,-0.1885,-1.5951,-0.7059
81.506,-0.1890,-1.5957,-0.6890
81.527,-0.1894,-1.5963,-0.6731
81.548,-0.1898,-1.5969,-0.6574
81.569,-0.1903,-1.5975,-0.6422
81.590,-0.1907,-1.5980,-0.6273
81.611,-0.1911,-1.5986,-0.6124
81.632,-0.1914,-1.5991,-0.5986
81.653,-0.1918,-1.5997,-0.5847
81.674,-0.1921,-1.6002,-0.5714
81.695,-0.1924,-1.6007,-0.5583
81.716,-0.1927,-1.6012,-0.5455
81.737,-0.1930,-1.6017,-0.5334
81.758,-0.1933,-1.6022,-0.5212
81.779,-0.1935,-1.6027,-0.5095
81.800,-0.1938,-1.6032,-0.4979
81.821,-0.1940,-1.6036,-0.4868
81.842,-0.1942,-1.6041,-0.4760
81.863,-0.1944,-1.6045,-0.4654
81.884,-0.1946,-1.6049,-0.4551
81.905,-0.1948,-1.6054,-0.4449
81.926,-0.1950,-1.6058,-0.4353
81.947,-0.1952,-1.6062,-0.4259
81.968,-0.1954,-1.6066,-0.4166
81.989,-0.1955,-1.6070,-0.4076
82.010,-0.1957,-1.6074,-0.3987
82.031,-0.1958,-1.6077,-0.3904
82.052,-0.1960,-1.6081,-0.3820
82.073,-0.1961,-1.6084,-0.3740
82.094,-0.1962,-1.6088,-0.3661
82.115,-0.1963,-1.6091,-0.3584
82.136,-0.1965,-1.6094,-0.3511
82.157,-0.1966,-1.6097,-0.3437
82.178,-0.1967,-1.6101,-0.3367
82.199,-0.1968,-1.6104,-0.3298
82.220,-0.1969,-1.6107,-0.3230
82.241,-0.1969,-1.6109,-0.3166
82.262,-0.1970,-1.6112,-0.3101
82.283,-0.1971,-1.6115,-0.3040
82.304,-0.1972,-1.6118,-0.2978
82.325,-0.1973,-1.6120,-0.2920
82.346,-0.1973,-1.6123,-0.2863
82.367,-0.1974,-1.6125,-0.2807
82.388,-0.1975,-1.6128,-0.2753
82.409,-0.1975,-1.6130,-0.2699
82.430,-0.1976,-1.6133,-0.2647
82.451,-0.1977,-1.6135,-0.2596
82.472,-0.1977,-1.6137,-0.2544
82.493,-0.1978,-1.6140,-0.2492
82.514,-0.1978,-1.6142,-0.2440
82.535,-0.1979,-1.6144,-0.2389
82.556,-0.1979,-1.6147,-0.2337
82.577,-0.1980,-1.6149,-0.2285
82.598,-0.1980,-1.6151,-0.2233
82.619,-0.1981,-1.6154,-0.2181
82.640,-0.1981,-1.6156,-0.2130
82.661,-0.1982,-1.6158,-0.2079
82.682,-0.1982,-1.6160,-0.2044
82.703,-0.1982,-1.6162,-0.2008
82.724,-0.1982,-1.6163,-0.1976
82.745,-0.1983,-1.6165,-0.1944
82.766,-0.1983,-1.6166,-0.1912
82.787,-0.1983,-1.6167,-0.1882
82.808,-0.1983,-1.6169,-0.1852
82.829,-0.1984,-1.6170,-0.1824
82.850,-0.1984,-1.6171,-0.1796
82.871,-0.1984,-1.6173,-0.1769
82.892,-0.1984,-1.6174,-0.1743
82.913,-0.1984,-1.6175,-0.1717
82.934,-0.1985,-1.6176,-0.1692
82.955,-0.1985,-1.6177,-0.1667
82.976,-0.1985,-1.6178,-0.1642
82.997,-0.1985,-1.6180,-0.1617
83.018,-0.1985,-1.6181,-0.1592
83.039,-0.1985,-1.6182,-0.1567
83.060,-0.1986,-1.6183,-0.1542
83.081,-0.1986,-1.6184,-0.1517
83.102,-0.1986,-1.6185,-0.1492
83.123,-0.1986,-1.6187,-0.1467
83.144,-0.1986,-1.6188,-0.1442
83.165,-0.1986,-1.6189,-0.1417
83.186,-0.1987,-1.6190,-0.1392
83.207,-0.1987,-1.6191,-0.1367
83.228,-0.1987,-1.6192,-0.1342
83.249,-0.1987,-1.6193,-0.1317
83.270,-0.1987,-1.6195,-0.1292
83.291,-0.1987,-1.6196,-0.1266
83.312,-0.1987,-1.6197,-0.1241
83.333,-0.1988,-1.6198,-0.1216
83.354,-0.1988,-1.6199,-0.1191
83.375,-0.1988,-1.6200,-0.1166
83.396,-0.1988,-1.6202,-0.1141
83.417,-0.1988,-1.6203,-0.1116
83.438,-0.1988,-1.6204,-0.1091
83.459,-0.1988,-1.6205,-0.1065
83.480,-0.1988,-1.6206,-0.1040
83.501,-0.1989,-1.6207,-0.1015
83.522,-0.1989,-1.6209,-0.0990
83.543,-0.1989,-1.6210,-0.0965
83.564,-0.1989,-1.6211,-0.0940
83.585,-0.1989,-1.6212,-0.0914
83.606,-0.1989,-1.6213,-0.0889
83.627,-0.1989,-1.6213,-0.0888
83.648,-0.1989,-1.6213,-0.0888
83.669,-0.1989,-1.6213,-0.0888
83.690,-0.1989,-1.6213,-0.0888
83.711,-0.1989,-1.6213,-0.0888
83.732,-0.1989,-1.6213,-0.0888
83.753,-0.1989,-1.6213,-0.0888
83.774,-0.1989,-1.6213,-0.0888
83.795,-0.1989,-1.6213,-0.0888
83.816,-0.1989,-1.6213,-0.0888
83.837,-0.1989,-1.6213,-0.0888
83.858,-0.1989,-1.6213,-0.0888
83.879,-0.1989,-1.6213,-0.0888
83.900,-0.1989,-1.6213,-0.0888
83.921,-0.1989,-1.6213,-0.0888
83.942,-0.1971,-1.6215,-0.0886
83.963,-0.1951,-1.6217,-0.0883
83.984,-0.1930,-1.6219,-0.0880
84.005,-0.1909,-1.6221,-0.0878
84.026,-0.1889,-1.6223,-0.0876
84.047,-0.1854,-1.6226,-0.0869
84.068,-0.1815,-1.6230,-0.0861
84.089,-0.1775,-1.6234,-0.0853
84.110,-0.1736,-1.6237,-0.0845
84.131,-0.1697,-1.6241,-0.0838
84.152,-0.1658,-1.6245,-0.0830
84.173,-0.1600,-1.6250,-0.0819
84.194,-0.1540,-1.6255,-0.0808
84.215,-0.1481,-1.6261,-0.0797
84.236,-0.1421,-1.6266,-0.0786
84.257,-0.1361,-1.6271,-0.0775
84.278,-0.1301,-1.6276,-0.0764
84.299,-0.1224,-1.6283,-0.0751
84.320,-0.1144,-1.6289,-0.0740
84.341,-0.1064,-1.6296,-0.0728
84.362,-0.0984,-1.6302,-0.0716
84.383,-0.0903,-1.6308,-0.0704
84.404,-0.0823,-1.6314,-0.0692
84.425,-0.0742,-1.6321,-0.0681
84.446,-0.0660,-1.6327,-0.0670
84.467,-0.0578,-1.6332,-0.0661
84.488,-0.0496,-1.6338,-0.0651
84.509,-0.0414,-1.6344,-0.0642
84.530,-0.0332,-1.6350,-0.0634
84.551,-0.0250,-1.6355,-0.0625
84.572,-0.0166,-1.6361,-0.0617
84.593,-0.0083,-1.6366,-0.0609
84.614,0.0001,-1.6372,-0.0601
84.635,0.0085,-1.6377,-0.0594
84.656,0.0168,-1.6382,-0.0586
84.677,0.0252,-1.6388,-0.0579
84.698,0.0336,-1.6393,-0.0571
84.719,0.0420,-1.6398,-0.0564
84.740,0.0503,-1.6403,-0.0557
84.761,0.0587,-1.6408,-0.0554
84.782,0.0671,-1.6412,-0.0553
84.803,0.0755,-1.6417,-0.0553
84.824,0.0839,-1.6422,-0.0552
84.845,0.0922,-1.6426,-0.0552
84.866,0.1005,-1.6431,-0.0554
84.887,0.1088,-1.6435,-0.0557
84.908,0.1171,-1.6440,-0.0560
84.929,0.1253,-1.6444,-0.0563
84.950,0.1336,-1.6449,-0.0566
84.971,0.1419,-1.6453,-0.0569
84.992,0.1503,-1.6458,-0.0572
85.013,0.1586,-1.6463,-0.0575
85.034,0.1670,-1.6467,-0.0579
85.055,0.1754,-1.6472,-0.0582
85.076,0.1838,-1.6477,-0.0586
85.097,0.1922,-1.6482,-0.0589
85.118,0.2006,-1.6486,-0.0592
85.139,0.2090,-1.6491,-0.0594
85.160,0.2174,-1.6496,-0.0596
85.181,0.2257,-1.6501,-0.0598
85.202,0.2341,-1.6505,-0.0601
85.223,0.2425,-1.6510,-0.0603
85.244,0.2509,-1.6515,-0.0606
85.265,0.2592,-1.6520,-0.0608
85.286,0.2672,-1.6524,-0.0609
85.307,0.2753,-1.6529,-0.0611
85.328,0.2834,-1.6533,-0.0612
85.349,0.2914,-1.6538,-0.0613
85.370,0.2995,-1.6543,-0.0615
85.391,0.3077,-1.6547,-0.0617
85.412,0.3160,-1.6552,-0.0618
85.433,0.3243,-1.6557,-0.0620
85.454,0.3325,-1.6562,-0.0622
85.475,0.3409,-1.6567,-0.0622
85.496,0.3493,-1.6571,-0.0623
85.517,0.3577,-1.6576,-0.0624
85.538,0.3661,-1.6581,-0.0624
85.559,0.3741,-1.6586,-0.0625
85.580,0.3821,-1.6590,-0.0626
85.601,0.3902,-1.6595,-0.0627
85.622,0.3982,-1.6600,-0.0628
85.643,0.4064,-1.6605,-0.0630
85.664,0.4145,-1.6609,-0.0631
85.685,0.4227,-1.6614,-0.0632
85.706,0.4309,-1.6619,-0.0634
85.727,0.4389,-1.6623,-0.0634
85.748,0.4467,-1.6628,-0.0635
85.769,0.4546,-1.6633,-0.0635
85.790,0.4625,-1.6637,-0.0635
85.811,0.4703,-1.6642,-0.0635
85.832,0.4778,-1.6646,-0.0636
85.853,0.4852,-1.6650,-0.0636
85.874,0.4926,-1.6655,-0.0637
85.895,0.5000,-1.6659,-0.0638
85.916,0.5070,-1.6663,-0.0639
85.937,0.5140,-1.6667,-0.0640
85.958,0.5210,-1.6671,-0.0641
85.979,0.5280,-1.6675,-0.0642
86.000,0.5351,-1.6679,-0.0643
86.021,0.5419,-1.6683,-0.0644
86.042,0.5487,-1.6687,-0.0645
86.063,0.5555,-1.6691,-0.0647
86.084,0.5622,-1.6695,-0.0648
86.105,0.5690,-1.6699,-0.0649
86.126,0.5757,-1.6703,-0.0650
86.147,0.5821,-1.6706,-0.0650
86.168,0.5884,-1.6710,-0.0651
86.189,0.5945,-1.6713,-0.0651
86.210,0.6005,-1.6717,-0.0652
86.231,0.6066,-1.6720,-0.0652
86.252,0.6125,-1.6723,-0.0653
86.273,0.6182,-1.6726,-0.0654
86.294,0.6239,-1.6730,-0.0656
86.315,0.6296,-1.6733,-0.0657
86.336,0.6353,-1.6736,-0.0658
86.357,0.6410,-1.6739,-0.0660
86.378,0.6467,-1.6742,-0.0661
86.399,0.6524,-1.6745,-0.0662
86.420,0.6581,-1.6749,-0.0664
86.441,0.6635,-1.6751,-0.0664
86.462,0.6689,-1.6754,-0.0665
86.483,0.6743,-1.6757,-0.0665
86.504,0.6796,-1.6760,-0.0666
86.525,0.6848,-1.6763,-0.0666
86.546,0.6899,-1.6766,-0.0667
86.567,0.6949,-1.6769,-0.0668
86.588,0.6997,-1.6771,-0.0669
86.609,0.7045,-1.6774,-0.0671
86.630,0.7094,-1.6776,-0.0672
86.651,0.7142,-1.6779,-0.0673
86.672,0.7190,-1.6781,-0.0675
86.693,0.7238,-1.6784,-0.0677
86.714,0.7285,-1.6786,-0.0679
86.735,0.7332,-1.6788,-0.0681
86.756,0.7379,-1.6791,-0.0683
86.777,0.7427,-1.6793,-0.0685
86.798,0.7471,-1.6795,-0.0687
86.819,0.7515,-1.6797,-0.0688
86.840,0.7559,-1.6800,-0.0690
86.861,0.7603,-1.6802,-0.0691
86.882,0.7647,-1.6804,-0.0692
86.903,0.7689,-1.6806,-0.0694
86.924,0.7731,-1.6808,-0.0697
86.945,0.7773,-1.6810,-0.0699
86.966,0.7812,-1.6811,-0.0701
86.987,0.7850,-1.6813,-0.0703
87.008,0.7888,-1.6815,-0.0705
87.029,0.7927,-1.6816,-0.0708
87.050,0.7965,-1.6818,-0.0710
87.071,0.8002,-1.6819,-0.0713
87.092,0.8039,-1.6821,-0.0716
87.113,0.8077,-1.6822,-0.0719
87.134,0.8114,-1.6824,-0.0722
87.155,0.8152,-1.6825,-0.0725
87.176,0.8190,-1.6827,-0.0727
87.197,0.8228,-1.6828,-0.0729
87.218,0.8267,-1.6830,-0.0731
87.239,0.8305,-1.6832,-0.0734
87.260,0.8343,-1.6833,-0.0736
87.281,0.8379,-1.6834,-0.0739
87.302,0.8414,-1.6835,-0.0741
87.323,0.8449,-1.6837,-0.0744
87.344,0.8484,-1.6838,-0.0747
87.365,0.8519,-1.6839,-0.0750
87.386,0.8553,-1.6840,-0.0752
87.407,0.8588,-1.6841,-0.0754
87.428,0.8622,-1.6842,-0.0756
87.449,0.8656,-1.6843,-0.0758
87.470,0.8690,-1.6844,-0.0761
87.491,0.8723,-1.6845,-0.0764
87.512,0.8756,-1.6846,-0.0766
87.533,0.8789,-1.6847,-0.0769
87.554,0.8822,-1.6848,-0.0772
87.575,0.8853,-1.6849,-0.0776
87.596,0.8883,-1.6849,-0.0779
87.617,0.8913,-1.6850,-0.0783
87.638,0.8943,-1.6850,-0.0787
87.659,0.8973,-1.6851,-0.0791
87.680,0.9002,-1.6851,-0.0795
87.701,0.9030,-1.6851,-0.0800
87.722,0.9059,-1.6852,-0.0804
87.743,0.9088,-1.6852,-0.0809
87.764,0.9116,-1.6852,-0.0817
87.785,0.9144,-1.6851,-0.0837
87.806,0.9172,-1.6851,-0.0857
87.827,0.9200,-1.6850,-0.0877
87.848,0.9227,-1.6849,-0.0897
87.869,0.9254,-1.6848,-0.0920
87.890,0.9281,-1.6846,-0.0942
87.911,0.9307,-1.6845,-0.0964
87.932,0.9334,-1.6843,-0.0986
87.953,0.9361,-1.6842,-0.1009
87.974,0.9387,-1.6840,-0.1033
87.995,0.9413,-1.6837,-0.1057
88.016,0.9439,-1.6835,-0.1082
88.037,0.9465,-1.6832,-0.1106
88.058,0.9489,-1.6832,-0.1121
88.079,0.9511,-1.6835,-0.1119
88.100,0.9533,-1.6837,-0.1117
88.121,0.9555,-1.6840,-0.1115
88.142,0.9577,-1.6842,-0.1122
88.163,0.9600,-1.6844,-0.1136
88.184,0.9624,-1.6846,-0.1149
88.205,0.9647,-1.6848,-0.1162
88.226,0.9670,-1.6850,-0.1176
88.247,0.9692,-1.6852,-0.1190
88.268,0.9714,-1.6853,-0.1204
88.289,0.9736,-1.6855,-0.1218
88.310,0.9758,-1.6856,-0.1232
88.331,0.9781,-1.6857,-0.1246
88.352,0.9802,-1.6859,-0.1260
88.373,0.9823,-1.6861,-0.1273
88.394,0.9844,-1.6863,-0.1287
88.415,0.9864,-1.6865,-0.1300
88.436,0.9885,-1.6868,-0.1313
88.457,0.9906,-1.6870,-0.1327
88.478,0.9927,-1.6872,-0.1340
88.499,0.9946,-1.6874,-0.1345
88.520,0.9963,-1.6875,-0.1346
88.541,0.9981,-1.6877,-0.1357
88.562,0.9998,-1.6878,-0.1371
88.583,1.0016,-1.6879,-0.1385
88.604,1.0033,-1.6880,-0.1398
88.625,1.0051,-1.6881,-0.1412
88.646,1.0067,-1.6881,-0.1426
88.667,1.0084,-1.6882,-0.1441
88.688,1.0100,-1.6882,-0.1455
88.709,1.0117,-1.6882,-0.1470
88.730,1.0133,-1.6883,-0.1485
88.751,1.0149,-1.6882,-0.1502
88.772,1.0164,-1.6882,-0.1519
88.793,1.0180,-1.6881,-0.1535
88.814,1.0195,-1.6881,-0.1552
88.835,1.0210,-1.6880,-0.1570
88.856,1.0225,-1.6878,-0.1588
88.877,1.0239,-1.6877,-0.1605
88.898,1.0254,-1.6876,-0.1623
88.919,1.0268,-1.6874,-0.1641
88.940,1.0283,-1.6873,-0.1658
88.961,1.0297,-1.6871,-0.1678
88.982,1.0311,-1.6868,-0.1698
89.003,1.0324,-1.6866,-0.1718
89.024,1.0338,-1.6864,-0.1738
89.045,1.0352,-1.6861,-0.1755
89.066,1.0367,-1.6859,-0.1769
89.087,1.0382,-1.6856,-0.1784
89.108,1.0397,-1.6853,-0.1798
89.129,1.0412,-1.6851,-0.1812
89.150,1.0425,-1.6851,-0.1824
89.171,1.0438,-1.6853,-0.1835
89.192,1.0451,-1.6855,-0.1845
89.213,1.0464,-1.6857,-0.1855
89.234,1.0476,-1.6858,-0.1866
89.255,1.0488,-1.6860,-0.1878
89.276,1.0500,-1.6861,-0.1889
89.297,1.0512,-1.6862,-0.1900
89.318,1.0524,-1.6863,-0.1911
89.339,1.0536,-1.6865,-0.1922
89.360,1.0549,-1.6866,-0.1933
89.381,1.0562,-1.6867,-0.1943
89.402,1.0575,-1.6868,-0.1954
89.423,1.0588,-1.6869,-0.1964
89.444,1.0601,-1.6870,-0.1975
89.465,1.0614,-1.6870,-0.1986
89.486,1.0626,-1.6870,-0.1997
89.507,1.0638,-1.6871,-0.2008
89.528,1.0650,-1.6871,-0.2020
89.549,1.0661,-1.6870,-0.2032
89.570,1.0672,-1.6870,-0.2044
89.591,1.0683,-1.6870,-0.2056
89.612,1.0692,-1.6870,-0.2066
89.633,1.0692,-1.6870,-0.2066
89.654,1.0692,-1.6870,-0.2066
89.675,1.0692,-1.6870,-0.2066
89.696,1.0692,-1.6870,-0.2066
89.717,1.0691,-1.6872,-0.2008
89.738,1.0689,-1.6882,-0.1798
89.759,1.0688,-1.6891,-0.1588
89.780,1.0686,-1.6901,-0.1379
89.801,1.0685,-1.6910,-0.1173
89.822,1.0685,-1.6920,-0.0968
89.843,1.0684,-1.6930,-0.0761
89.864,1.0684,-1.6939,-0.0555
89.885,1.0684,-1.6949,-0.0348
89.906,1.0684,-1.6959,-0.0141
89.927,1.0684,-1.6968,0.0065
89.948,1.0684,-1.6978,0.0271
89.969,1.0685,-1.6987,0.0477
89.990,1.0686,-1.6997,0.0684
90.011,1.0687,-1.7006,0.0890
90.032,1.0688,-1.7016,0.1096
90.053,1.0689,-1.7025,0.1302
90.074,1.0691,-1.7035,0.1508
90.095,1.0692,-1.7044,0.1714
90.116,1.0694,-1.7054,0.1920
90.137,1.0696,-1.7063,0.2127
90.158,1.0699,-1.7072,0.2333
90.179,1.0701,-1.7082,0.2539
90.200,1.0704,-1.7091,0.2745
90.221,1.0707,-1.7100,0.2951
90.242,1.0710,-1.7109,0.3157
90.263,1.0713,-1.7118,0.3363
90.284,1.0717,-1.7127,0.3569
90.305,1.0720,-1.7136,0.3775
90.326,1.0724,-1.7145,0.3981
90.347,1.0728,-1.7153,0.4188
90.368,1.0732,-1.7162,0.4394
90.389,1.0736,-1.7170,0.4600
90.410,1.0741,-1.7179,0.4806
90.431,1.0746,-1.7187,0.5013
90.452,1.0750,-1.7196,0.5219
90.473,1.0755,-1.7204,0.5425
90.494,1.0761,-1.7212,0.5632
90.515,1.0766,-1.7220,0.5838
90.536,1.0771,-1.7228,0.6045
90.557,1.0777,-1.7235,0.6251
90.578,1.0783,-1.7243,0.6458
90.599,1.0789,-1.7250,0.6664
90.620,1.0795,-1.7258,0.6871
90.641,1.0801,-1.7265,0.7078
90.662,1.0808,-1.7272,0.7285
90.683,1.0814,-1.7279,0.7492
90.704,1.0821,-1.7286,0.7698
90.725,1.0828,-1.7292,0.7899
90.746,1.0835,-1.7299,0.8095
90.767,1.0841,-1.7305,0.8289
90.788,1.0848,-1.7310,0.8476
90.809,1.0854,-1.7316,0.8663
90.830,1.0861,-1.7321,0.8837
90.851,1.0867,-1.7326,0.9011
90.872,1.0873,-1.7331,0.9180
90.893,1.0880,-1.7335,0.9345
90.914,1.0886,-1.7339,0.9508
90.935,1.0892,-1.7343,0.9662
90.956,1.0898,-1.7347,0.9815
90.977,1.0904,-1.7351,0.9963
90.998,1.0909,-1.7355,1.0109
91.019,1.0915,-1.7358,1.0250
91.040,1.0920,-1.7361,1.0386
91.061,1.0926,-1.7364,1.0521
91.082,1.0931,-1.7367,1.0650
91.103,1.0937,-1.7370,1.0779
91.124,1.0942,-1.7372,1.0902
91.145,1.0947,-1.7375,1.1022
91.166,1.0951,-1.7377,1.1140
91.187,1.0956,-1.7380,1.1254
91.208,1.0961,-1.7382,1.1368
91.229,1.0966,-1.7384,1.1476
91.250,1.0970,-1.7386,1.1582
91.271,1.0975,-1.7388,1.1686
91.292,1.0979,-1.7390,1.1788
91.313,1.0983,-1.7391,1.1889
91.334,1.0987,-1.7393,1.1983
91.355,1.0991,-1.7395,1.2077
91.376,1.0995,-1.7396,1.2168
91.397,1.0999,-1.7397,1.2257
91.418,1.1003,-1.7399,1.2344
91.439,1.1007,-1.7400,1.2428
91.460,1.1010,-1.7401,1.2511
91.481,1.1014,-1.7402,1.2590
91.502,1.1017,-1.7403,1.2669
91.523,1.1021,-1.7405,1.2745
91.544,1.1024,-1.7406,1.2818
91.565,1.1027,-1.7406,1.2890
91.586,1.1030,-1.7407,1.2960
91.607,1.1033,-1.7408,1.3029
91.628,1.1036,-1.7409,1.3094
91.649,1.1039,-1.7410,1.3158
91.670,1.1042,-1.7410,1.3220
91.691,1.1045,-1.7411,1.3281
91.712,1.1047,-1.7412,1.3340
91.733,1.1050,-1.7412,1.3396
91.754,1.1053,-1.7413,1.3452
91.775,1.1055,-1.7414,1.3507
91.796,1.1057,-1.7414,1.3560
91.817,1.1060,-1.7415,1.3613
91.838,1.1062,-1.7415,1.3666
91.859,1.1065,-1.7416,1.3718
91.880,1.1067,-1.7416,1.3771
91.901,1.1069,-1.7417,1.3823
91.922,1.1072,-1.7417,1.3876
91.943,1.1074,-1.7417,1.3928
91.964,1.1077,-1.7418,1.3981
91.985,1.1079,-1.7418,1.4033
92.006,1.1081,-1.7419,1.4086
92.027,1.1083,-1.7419,1.4126
92.048,1.1085,-1.7419,1.4163
92.069,1.1087,-1.7420,1.4200
92.090,1.1088,-1.7420,1.4234
92.111,1.1090,-1.7420,1.4269
92.132,1.1091,-1.7420,1.4302
92.153,1.1093,-1.7420,1.4334
92.174,1.1094,-1.7421,1.4365
92.195,1.1096,-1.7421,1.4396
92.216,1.1097,-1.7421,1.4426
92.237,1.1098,-1.7421,1.4454
92.258,1.1100,-1.7421,1.4483
92.279,1.1101,-1.7421,1.4511
92.300,1.1102,-1.7422,1.4538
92.321,1.1103,-1.7422,1.4564
92.342,1.1105,-1.7422,1.4589
92.363,1.1106,-1.7422,1.4614
92.384,1.1107,-1.7422,1.4640
92.405,1.1108,-1.7422,1.4665
92.426,1.1109,-1.7422,1.4690
92.447,1.1110,-1.7422,1.4715
92.468,1.1112,-1.7423,1.4740
92.489,1.1113,-1.7423,1.4765
92.510,1.1114,-1.7423,1.4791
92.531,1.1115,-1.7423,1.4816
92.552,1.1116,-1.7423,1.4841
92.573,1.1117,-1.7423,1.4866
92.594,1.1118,-1.7423,1.4891
92.615,1.1120,-1.7423,1.4916
92.636,1.1121,-1.7423,1.4942
92.657,1.1122,-1.7423,1.4967
92.678,1.1123,-1.7424,1.4992
92.699,1.1124,-1.7424,1.5017
92.720,1.1125,-1.7424,1.5042
92.741,1.1127,-1.7424,1.5068
92.762,1.1128,-1.7424,1.5093
92.783,1.1129,-1.7424,1.5118
92.804,1.1130,-1.7424,1.5143
92.825,1.1131,-1.7424,1.5168
92.846,1.1132,-1.7424,1.5193
92.867,1.1134,-1.7424,1.5219
92.888,1.1135,-1.7424,1.5244
92.909,1.1136,-1.7424,1.5269
92.930,1.1137,-1.7424,1.5294
92.951,1.1138,-1.7424,1.5319
92.972,1.1140,-1.7424,1.5345
92.993,1.1141,-1.7424,1.5370
93.014,1.1142,-1.7425,1.5390
93.035,1.1142,-1.7425,1.5390
93.056,1.1142,-1.7425,1.5390
93.077,1.1142,-1.7425,1.5390
93.098,1.1142,-1.7425,1.5390
93.119,1.1142,-1.7425,1.5390
93.140,1.1142,-1.7425,1.5390
93.161,1.1142,-1.7425,1.5390
93.182,1.1142,-1.7425,1.5390
93.203,1.1142,-1.7425,1.5391
93.224,1.1142,-1.7425,1.5391
93.245,1.1142,-1.7425,1.5391
93.266,1.1142,-1.7425,1.5391
93.287,1.1142,-1.7425,1.5391
93.308,1.1142,-1.7425,1.5391
93.329,1.1142,-1.7425,1.5391
93.350,1.1142,-1.7415,1.5389
93.371,1.1142,-1.7394,1.5385
93.392,1.1143,-1.7373,1.5383
93.413,1.1143,-1.7352,1.5381
93.434,1.1144,-1.7331,1.5380
93.455,1.1145,-1.7292,1.5378
93.476,1.1147,-1.7250,1.5378
93.497,1.1148,-1.7209,1.5378
93.518,1.1149,-1.7167,1.5378
93.539,1.1150,-1.7126,1.5378
93.560,1.1152,-1.7084,1.5378
93.581,1.1153,-1.7031,1.5380
93.602,1.1155,-1.6971,1.5383
93.623,1.1157,-1.6911,1.5385
93.644,1.1159,-1.6851,1.5387
93.665,1.1161,-1.6791,1.5390
93.686,1.1163,-1.6732,1.5392
93.707,1.1165,-1.6664,1.5396
93.728,1.1168,-1.6590,1.5401
93.749,1.1170,-1.6516,1.5406
93.770,1.1172,-1.6442,1.5411
93.791,1.1175,-1.6368,1.5416
93.812,1.1177,-1.6294,1.5420
93.833,1.1179,-1.6216,1.5423
93.854,1.1182,-1.6138,1.5426
93.875,1.1184,-1.6060,1.5429
93.896,1.1186,-1.5981,1.5430
93.917,1.1188,-1.5901,1.5431
93.938,1.1191,-1.5818,1.5433
93.959,1.1193,-1.5734,1.5434
93.980,1.1196,-1.5650,1.5435
94.001,1.1198,-1.5566,1.5435
94.022,1.1200,-1.5482,1.5435
94.043,1.1202,-1.5398,1.5436
94.064,1.1205,-1.5315,1.5436
94.085,1.1207,-1.5231,1.5436
94.106,1.1209,-1.5147,1.5436
94.127,1.1212,-1.5064,1.5435
94.148,1.1214,-1.4981,1.5434
94.169,1.1216,-1.4899,1.5433
94.190,1.1218,-1.4816,1.5432
94.211,1.1220,-1.4733,1.5431
94.232,1.1223,-1.4650,1.5429
94.253,1.1225,-1.4566,1.5428
94.274,1.1227,-1.4482,1.5426
94.295,1.1230,-1.4398,1.5424
94.316,1.1232,-1.4314,1.5422
94.337,1.1234,-1.4230,1.5420
94.358,1.1236,-1.4146,1.5418
94.379,1.1239,-1.4062,1.5416
94.400,1.1241,-1.3978,1.5414
94.421,1.1243,-1.3894,1.5413
94.442,1.1246,-1.3810,1.5411
94.463,1.1248,-1.3726,1.5409
94.484,1.1251,-1.3643,1.5407
94.505,1.1253,-1.3559,1.5406
94.526,1.1255,-1.3475,1.5405
94.547,1.1258,-1.3391,1.5404
94.568,1.1260,-1.3310,1.5403
94.589,1.1262,-1.3228,1.5402
94.610,1.1265,-1.3146,1.5401
94.631,1.1267,-1.3064,1.5400
94.652,1.1269,-1.2981,1.5399
94.673,1.1272,-1.2897,1.5399
94.694,1.1274,-1.2813,1.5399
94.715,1.1277,-1.2729,1.5398
94.736,1.1279,-1.2645,1.5398
94.757,1.1281,-1.2561,1.5398
94.778,1.1284,-1.2477,1.5397
94.799,1.1286,-1.2393,1.5397
94.820,1.1289,-1.2310,1.5396
94.841,1.1291,-1.2228,1.5395
94.862,1.1294,-1.2145,1.5394
94.883,1.1296,-1.2062,1.5392
94.904,1.1298,-1.1979,1.5391
94.925,1.1301,-1.1895,1.5390
94.946,1.1303,-1.1811,1.5389
94.967,1.1306,-1.1727,1.5388
94.988,1.1308,-1.1643,1.5387
95.009,1.1310,-1.1561,1.5386
95.030,1.1313,-1.1479,1.5386
95.051,1.1315,-1.1398,1.5385
95.072,1.1318,-1.1316,1.5385
95.093,1.1320,-1.1234,1.5385
95.114,1.1322,-1.1152,1.5385
95.135,1.1325,-1.1070,1.5384
95.156,1.1327,-1.0987,1.5384
95.177,1.1330,-1.0904,1.5383
95.198,1.1332,-1.0821,1.5383
95.219,1.1335,-1.0737,1.5382
95.240,1.1337,-1.0653,1.5381
95.261,1.1339,-1.0570,1.5380
95.282,1.1342,-1.0486,1.5379
95.303,1.1344,-1.0402,1.5378
95.324,1.1347,-1.0319,1.5376
95.345,1.1349,-1.0237,1.5375
95.366,1.1352,-1.0154,1.5374
95.387,1.1354,-1.0071,1.5373
95.408,1.1356,-0.9987,1.5372
95.429,1.1359,-0.9903,1.5372
95.450,1.1361,-0.9819,1.5372
95.471,1.1364,-0.9735,1.5372
95.492,1.1366,-0.9651,1.5371
95.513,1.1369,-0.9567,1.5371
95.534,1.1371,-0.9483,1.5371
95.555,1.1374,-0.9400,1.5370
95.576,1.1376,-0.9318,1.5370
95.597,1.1379,-0.9235,1.5370
95.618,1.1381,-0.9152,1.5369
95.639,1.1384,-0.9069,1.5369
95.660,1.1386,-0.8986,1.5368
95.681,1.1389,-0.8904,1.5367
95.702,1.1391,-0.8821,1.5366
95.723,1.1394,-0.8738,1.5365
95.744,1.1396,-0.8655,1.5364
95.765,1.1399,-0.8572,1.5363
95.786,1.1401,-0.8489,1.5361
95.807,1.1404,-0.8407,1.5360
95.828,1.1406,-0.8324,1.5360
95.849,1.1409,-0.8241,1.5360
95.870,1.1411,-0.8158,1.5359
95.891,1.1414,-0.8075,1.5359
95.912,1.1416,-0.7991,1.5359
95.933,1.1419,-0.7907,1.5358
95.954,1.1421,-0.7824,1.5358
95.975,1.1424,-0.7740,1.5358
95.996,1.1427,-0.7658,1.5358
96.017,1.1429,-0.7575,1.5358
96.038,1.1432,-0.7492,1.5358
96.059,1.1434,-0.7409,1.5358
96.080,1.1437,-0.7326,1.5358
96.101,1.1439,-0.7242,1.5357
96.122,1.1442,-0.7158,1.5356
96.143,1.1444,-0.7074,1.5355
96.164,1.1447,-0.6990,1.5355
96.185,1.1449,-0.6906,1.5354
96.206,1.1452,-0.6823,1.5354
96.227,1.1454,-0.6742,1.5354
96.248,1.1457,-0.6660,1.5354
96.269,1.1459,-0.6578,1.5354
96.290,1.1462,-0.6496,1.5354
96.311,1.1464,-0.6413,1.5354
96.332,1.1467,-0.6331,1.5353
96.353,1.1469,-0.6248,1.5354
96.374,1.1472,-0.6165,1.5353
96.395,1.1475,-0.6081,1.5352
96.416,1.1477,-0.5997,1.5352
96.437,1.1480,-0.5913,1.5351
96.458,1.1482,-0.5829,1.5350
96.479,1.1485,-0.5745,1.5349
96.500,1.1487,-0.5661,1.5348
96.521,1.1490,-0.5578,1.5348
96.542,1.1493,-0.5495,1.5348
96.563,1.1495,-0.5412,1.5348
96.584,1.1498,-0.5329,1.5348
96.605,1.1500,-0.5246,1.5348
96.626,1.1503,-0.5162,1.5348
96.647,1.1505,-0.5079,1.5348
96.668,1.1508,-0.4995,1.5348
96.689,1.1510,-0.4911,1.5348
96.710,1.1513,-0.4827,1.5348
96.731,1.1516,-0.4744,1.5348
96.752,1.1518,-0.4661,1.5348
96.773,1.1521,-0.4579,1.5348
96.794,1.1523,-0.4496,1.5348
96.815,1.1526,-0.4413,1.5348
96.836,1.1528,-0.4329,1.5348
96.857,1.1531,-0.4245,1.5348
96.878,1.1533,-0.4161,1.5348
96.899,1.1536,-0.4077,1.5348
96.920,1.1539,-0.3993,1.5348
96.941,1.1541,-0.3909,1.5348
96.962,1.1544,-0.3825,1.5348
96.983,1.1546,-0.3741,1.5348
97.004,1.1549,-0.3659,1.5348
97.025,1.1551,-0.3576,1.5348
97.046,1.1554,-0.3493,1.5348
97.067,1.1556,-0.3410,1.5348
97.088,1.1559,-0.3327,1.5348
97.109,1.1562,-0.3243,1.5348
97.130,1.1564,-0.3159,1.5348
97.151,1.1567,-0.3075,1.5348
97.172,1.1569,-0.2991,1.5348
97.193,1.1572,-0.2907,1.5348
97.214,1.1575,-0.2823,1.5348
97.235,1.1577,-0.2739,1.5348
97.256,1.1580,-0.2655,1.5348
97.277,1.1582,-0.2572,1.5348
97.298,1.1585,-0.2489,1.5348
97.319,1.1587,-0.2406,1.5348
97.340,1.1590,-0.2323,1.5348
97.361,1.1593,-0.2241,1.5348
97.382,1.1595,-0.2158,1.5348
97.403,1.1598,-0.2075,1.5348
97.424,1.1600,-0.1991,1.5348
97.445,1.1603,-0.1907,1.5348
97.466,1.1605,-0.1823,1.5348
97.487,1.1608,-0.1739,1.5348
97.508,1.1610,-0.1655,1.5348
97.529,1.1613,-0.1571,1.5348
97.550,1.1615,-0.1487,1.5348
97.571,1.1618,-0.1403,1.5348
97.592,1.1621,-0.1319,1.5348
97.613,1.1623,-0.1235,1.5348
97.634,1.1626,-0.1151,1.5348
97.655,1.1628,-0.1067,1.5348
97.676,1.1631,-0.0983,1.5348
97.697,1.1633,-0.0900,1.5348
97.718,1.1636,-0.0817,1.5348
97.739,1.1638,-0.0734,1.5348
97.760,1.1641,-0.0651,1.5348
97.781,1.1644,-0.0568,1.5348
97.802,1.1646,-0.0485,1.5348
97.823,1.1649,-0.0402,1.5348
97.844,1.1651,-0.0318,1.5348
97.865,1.1654,-0.0234,1.5348
97.886,1.1656,-0.0150,1.5348
97.907,1.1659,-0.0066,1.5348
97.928,1.1661,0.0018,1.5348
97.949,1.1664,0.0102,1.5348
97.970,1.1666,0.0186,1.5348
97.991,1.1669,0.0267,1.5348
98.012,1.1672,0.0349,1.5348
98.033,1.1674,0.0431,1.5348
98.054,1.1677,0.0512,1.5348
98.075,1.1679,0.0594,1.5348
98.096,1.1682,0.0677,1.5348
98.117,1.1684,0.0759,1.5348
98.138,1.1687,0.0842,1.5348
98.159,1.1689,0.0925,1.5348
98.180,1.1692,0.1008,1.5348
98.201,1.1694,0.1091,1.5348
98.222,1.1697,0.1175,1.5348
98.243,1.1699,0.1259,1.5348
98.264,1.1702,0.1343,1.5348
98.285,1.1704,0.1427,1.5348
98.306,1.1707,0.1511,1.5348
98.327,1.1710,0.1595,1.5348
98.348,1.1712,0.1677,1.5348
98.369,1.1715,0.1758,1.5348
98.390,1.1717,0.1840,1.5348
98.411,1.1719,0.1922,1.5348
98.432,1.1722,0.2003,1.5348
98.453,1.1724,0.2086,1.5348
98.474,1.1727,0.2170,1.5348
98.495,1.1729,0.2254,1.5348
98.516,1.1732,0.2338,1.5348
98.537,1.1735,0.2422,1.5348
98.558,1.1737,0.2505,1.5348
98.579,1.1739,0.2587,1.5348
98.600,1.1742,0.2670,1.5348
98.621,1.1744,0.2753,1.5348
98.642,1.1747,0.2836,1.5349
98.663,1.1750,0.2920,1.5350
98.684,1.1752,0.3004,1.5350
98.705,1.1755,0.3088,1.5351
98.726,1.1757,0.3171,1.5351
98.747,1.1760,0.3254,1.5351
98.768,1.1762,0.3337,1.5351
98.789,1.1765,0.3419,1.5351
98.810,1.1767,0.3502,1.5351
98.831,1.1770,0.3585,1.5351
98.852,1.1772,0.3669,1.5357
98.873,1.1775,0.3752,1.5367
98.894,1.1778,0.3836,1.5377
98.915,1.1781,0.3920,1.5386
98.936,1.1784,0.4004,1.5396
98.957,1.1786,0.4088,1.5405
98.978,1.1789,0.4172,1.5414
98.999,1.1791,0.4256,1.5423
99.020,1.1793,0.4340,1.5431
99.041,1.1796,0.4423,1.5440
99.062,1.1798,0.4506,1.5449
99.083,1.1801,0.4589,1.5458
99.104,1.1803,0.4672,1.5467
99.125,1.1806,0.4755,1.5476
99.146,1.1808,0.4839,1.5484
99.167,1.1810,0.4923,1.5492
99.188,1.1812,0.5007,1.5500
99.209,1.1814,0.5091,1.5508
99.230,1.1816,0.5175,1.5516
99.251,1.1818,0.5258,1.5524
99.272,1.1820,0.5341,1.5532
99.293,1.1822,0.5424,1.5540
99.314,1.1823,0.5507,1.5548
99.335,1.1825,0.5590,1.5556
99.356,1.1827,0.5672,1.5565
99.377,1.1828,0.5755,1.5572
99.398,1.1830,0.5838,1.5579
99.419,1.1831,0.5921,1.5587
99.440,1.1832,0.6004,1.5594
99.461,1.1834,0.6087,1.5601
99.482,1.1835,0.6170,1.5609
99.503,1.1836,0.6254,1.5614
99.524,1.1837,0.6338,1.5620
99.545,1.1838,0.6422,1.5626
99.566,1.1839,0.6506,1.5631
99.587,1.1840,0.6590,1.5637
99.608,1.1841,0.6674,1.5643
99.629,1.1841,0.6755,1.5652
99.650,1.1842,0.6836,1.5664
99.671,1.1843,0.6916,1.5675
99.692,1.1844,0.6997,1.5686
99.713,1.1845,0.7077,1.5698
99.734,1.1845,0.7158,1.5709
99.755,1.1846,0.7239,1.5720
99.776,1.1846,0.7319,1.5732
99.797,1.1846,0.7402,1.5741
99.818,1.1846,0.7485,1.5750
99.839,1.1846,0.7568,1.5759
99.860,1.1846,0.7648,1.5768
99.881,1.1846,0.7728,1.5776
99.902,1.1846,0.7808,1.5785
99.923,1.1846,0.7889,1.5794
99.944,1.1845,0.7972,1.5800
99.965,1.1845,0.8054,1.5807
99.986,1.1844,0.8137,1.5814
100.007,1.1844,0.8220,1.5820
100.028,1.1843,0.8304,1.5830
100.049,1.1843,0.8388,1.5839
100.070,1.1842,0.8472,1.5849
100.091,1.1841,0.8556,1.5859
100.112,1.1840,0.8640,1.5868
100.133,1.1839,0.8723,1.5878
100.154,1.1838,0.8802,1.5887
100.175,1.1837,0.8882,1.5896
100.196,1.1836,0.8961,1.5905
100.217,1.1835,0.9040,1.5914
100.238,1.1834,0.9120,1.5923
100.259,1.1833,0.9201,1.5932
100.280,1.1831,0.9282,1.5941
100.301,1.1830,0.9362,1.5950
100.322,1.1828,0.9444,1.5953
100.343,1.1826,0.9525,1.5954
100.364,1.1824,0.9606,1.5956
100.385,1.1822,0.9687,1.5958
100.406,1.1820,0.9769,1.5960
100.427,1.1818,0.9850,1.5961
100.448,1.1816,0.9932,1.5962
100.469,1.1814,1.0015,1.5962
100.490,1.1812,1.0098,1.5962
100.511,1.1810,1.0180,1.5962
100.532,1.1808,1.0260,1.5961
100.553,1.1806,1.0339,1.5961
100.574,1.1804,1.0418,1.5960
100.595,1.1802,1.0497,1.5959
100.616,1.1800,1.0576,1.5959
100.637,1.1798,1.0646,1.5966
100.658,1.1797,1.0716,1.5973
100.679,1.1795,1.0786,1.5981
100.700,1.1794,1.0855,1.5988
100.721,1.1792,1.0920,1.5995
100.742,1.1790,1.0986,1.6002
100.763,1.1789,1.1052,1.6009
100.784,1.1787,1.1118,1.6015
100.805,1.1785,1.1184,1.6022
100.826,1.1783,1.1250,1.6029
100.847,1.1781,1.1316,1.6036
100.868,1.1780,1.1379,1.6042
100.889,1.1778,1.1442,1.6049
100.910,1.1776,1.1505,1.6055
100.931,1.1774,1.1568,1.6062
100.952,1.1772,1.1630,1.6065
100.973,1.1770,1.1689,1.6063
100.994,1.1768,1.1748,1.6061
101.015,1.1765,1.1808,1.6059
101.036,1.1763,1.1867,1.6057
101.057,1.1761,1.1925,1.6055
101.078,1.1759,1.1980,1.6052
101.099,1.1757,1.2035,1.6050
101.120,1.1755,1.2091,1.6047
101.141,1.1753,1.2145,1.6044
101.162,1.1751,1.2196,1.6041
101.183,1.1749,1.2248,1.6039
101.204,1.1747,1.2299,1.6036
101.225,1.1745,1.2349,1.6032
101.246,1.1744,1.2399,1.6029
101.267,1.1742,1.2448,1.6026
101.288,1.1740,1.2498,1.6022
101.309,1.1738,1.2548,1.6019
101.330,1.1736,1.2597,1.6016
101.351,1.1734,1.2645,1.6012
101.372,1.1732,1.2693,1.6008
101.393,1.1730,1.2741,1.6005
101.414,1.1729,1.2787,1.6001
101.435,1.1727,1.2831,1.5997
101.456,1.1725,1.2875,1.5992
101.477,1.1723,1.2919,1.5988
101.498,1.1721,1.2962,1.5984
101.519,1.1720,1.3004,1.5979
101.540,1.1718,1.3046,1.5974
101.561,1.1716,1.3088,1.5969
101.582,1.1714,1.3130,1.5964
101.603,1.1712,1.3171,1.5959
101.624,1.1710,1.3212,1.5953
101.645,1.1708,1.3252,1.5948
101.666,1.1706,1.3293,1.5942
101.687,1.1704,1.3334,1.5936
101.708,1.1702,1.3375,1.5931
101.729,1.1700,1.3416,1.5925
101.750,1.1699,1.3456,1.5919
101.771,1.1697,1.3494,1.5913
101.792,1.1694,1.3531,1.5907
101.813,1.1692,1.3569,1.5900
101.834,1.1691,1.3602,1.5905
101.855,1.1690,1.3633,1.5913
101.876,1.1689,1.3664,1.5921
101.897,1.1687,1.3698,1.5935
101.918,1.1686,1.3737,1.5961
101.939,1.1685,1.3775,1.5986
101.960,1.1684,1.3814,1.6011
101.981,1.1683,1.3853,1.6036
102.002,1.1682,1.3890,1.6068
102.023,1.1683,1.3924,1.6111
102.044,1.1683,1.3957,1.6155
102.065,1.1683,1.3990,1.6199
102.086,1.1684,1.4024,1.6243
102.107,1.1684,1.4057,1.6287
102.128,1.1684,1.4088,1.6330
102.149,1.1684,1.4120,1.6373
102.170,1.1684,1.4152,1.6417
102.191,1.1684,1.4183,1.6460
102.212,1.1683,1.4215,1.6503
102.233,1.1683,1.4245,1.6546
102.254,1.1682,1.4274,1.6589
102.275,1.1681,1.4304,1.6632
102.296,1.1681,1.4332,1.6673
102.317,1.1680,1.4361,1.6713
102.338,1.1679,1.4389,1.6754
102.359,1.1678,1.4417,1.6795
102.380,1.1676,1.4445,1.6836
102.401,1.1675,1.4474,1.6877
102.422,1.1672,1.4503,1.6890
102.443,1.1669,1.4532,1.6902
102.464,1.1666,1.4561,1.6915
102.485,1.1663,1.4590,1.6926
102.506,1.1661,1.4617,1.6935
102.527,1.1658,1.4643,1.6945
102.548,1.1655,1.4670,1.6954
102.569,1.1652,1.4697,1.6964
102.590,1.1650,1.4719,1.6989
102.611,1.1649,1.4741,1.7015
102.632,1.1647,1.4762,1.7041
102.653,1.1645,1.4784,1.7067
102.674,1.1642,1.4809,1.7075
102.695,1.1639,1.4833,1.7082
102.716,1.1636,1.4858,1.7090
102.737,1.1633,1.4883,1.7098
102.758,1.1630,1.4908,1.7105
102.779,1.1627,1.4931,1.7112
102.800,1.1624,1.4955,1.7119
102.821,1.1621,1.4978,1.7126
102.842,1.1618,1.5002,1.7133
102.863,1.1615,1.5026,1.7140
102.884,1.1612,1.5048,1.7146
102.905,1.1609,1.5071,1.7152
102.926,1.1606,1.5093,1.7158
102.947,1.1603,1.5116,1.7164
102.968,1.1600,1.5138,1.7170
102.989,1.1597,1.5160,1.7176
103.010,1.1594,1.5182,1.7182
103.031,1.1591,1.5203,1.7187
103.052,1.1588,1.5225,1.7192
103.073,1.1585,1.5246,1.7197
103.094,1.1582,1.5266,1.7204
103.115,1.1580,1.5287,1.7210
103.136,1.1577,1.5307,1.7216
103.157,1.1574,1.5327,1.7222
103.178,1.1571,1.5346,1.7227
103.199,1.1569,1.5366,1.7233
103.220,1.1566,1.5385,1.7238
103.241,1.1563,1.5404,1.7243
103.262,1.1560,1.5423,1.7249
103.283,1.1558,1.5441,1.7255
103.304,1.1555,1.5459,1.7261
103.325,1.1553,1.5478,1.7267
103.346,1.1550,1.5496,1.7273
103.367,1.1548,1.5513,1.7279
103.388,1.1545,1.5530,1.7284
103.409,1.1543,1.5547,1.7290
103.430,1.1540,1.5564,1.7295
103.451,1.1538,1.5581,1.7301
103.472,1.1535,1.5598,1.7306
103.493,1.1533,1.5615,1.7311
103.514,1.1531,1.5631,1.7316
103.535,1.1528,1.5647,1.7321
103.556,1.1526,1.5663,1.7329
103.577,1.1524,1.5678,1.7346
103.598,1.1523,1.5693,1.7362
103.619,1.1521,1.5708,1.7379
103.640,1.1519,1.5723,1.7396
103.661,1.1517,1.5738,1.7413
103.682,1.1516,1.5751,1.7429
103.703,1.1514,1.5765,1.7445
103.724,1.1512,1.5779,1.7461
103.745,1.1511,1.5793,1.7477
103.766,1.1510,1.5806,1.7494
103.787,1.1509,1.5819,1.7511
103.808,1.1508,1.5832,1.7528
103.829,1.1507,1.5845,1.7544
103.850,1.1506,1.5858,1.7561
103.871,1.1506,1.5869,1.7581
103.892,1.1506,1.5876,1.7605
103.913,1.1505,1.5884,1.7629
103.934,1.1505,1.5891,1.7653
103.955,1.1505,1.5899,1.7677
103.976,1.1505,1.5906,1.7702
103.997,1.1506,1.5912,1.7729
104.018,1.1507,1.5919,1.7756
104.039,1.1508,1.5925,1.7782
104.060,1.1509,1.5932,1.7809
104.081,1.1509,1.5939,1.7832
104.102,1.1509,1.5947,1.7854
104.123,1.1508,1.5954,1.7877
104.144,1.1507,1.5961,1.7900
104.165,1.1507,1.5969,1.7922
104.186,1.1508,1.5975,1.7946
104.207,1.1509,1.5982,1.7969
104.228,1.1509,1.5988,1.7992
104.249,1.1510,1.5995,1.8016
104.270,1.1510,1.6002,1.8038
104.291,1.1509,1.6009,1.8056
104.312,1.1509,1.6016,1.8074
104.333,1.1508,1.6024,1.8091
104.354,1.1507,1.6031,1.8109
104.375,1.1507,1.6038,1.8130
104.396,1.1507,1.6044,1.8150
104.417,1.1507,1.6051,1.8170
104.438,1.1508,1.6057,1.8190
104.459,1.1508,1.6064,1.8210
104.480,1.1507,1.6071,1.8228
104.501,1.1506,1.6078,1.8244
104.522,1.1505,1.6085,1.8260
104.543,1.1504,1.6093,1.8276
104.564,1.1502,1.6101,1.8291
104.585,1.1501,1.6109,1.8307
104.606,1.1499,1.6118,1.8322
104.627,1.1498,1.6126,1.8338
104.648,1.1497,1.6128,1.8341
104.669,1.1497,1.6128,1.8341
104.690,1.1497,1.6128,1.8341
104.711,1.1497,1.6128,1.8341
104.732,1.1497,1.6128,1.8341
104.753,1.1489,1.6126,1.8164
104.774,1.1480,1.6124,1.7956
104.795,1.1471,1.6122,1.7753
104.816,1.1461,1.6121,1.7552
104.837,1.1452,1.6120,1.7346
104.858,1.1442,1.6118,1.7141
104.879,1.1433,1.6118,1.6935
104.900,1.1423,1.6117,1.6729
104.921,1.1413,1.6116,1.6523
104.942,1.1404,1.6116,1.6317
104.963,1.1394,1.6115,1.6111
104.984,1.1385,1.6115,1.5904
105.005,1.1375,1.6115,1.5698
105.026,1.1366,1.6116,1.5492
105.047,1.1356,1.6116,1.5286
105.068,1.1347,1.6117,1.5080
105.089,1.1337,1.6118,1.4874
105.110,1.1327,1.6119,1.4668
105.131,1.1318,1.6120,1.4462
105.152,1.1309,1.6122,1.4256
105.173,1.1299,1.6123,1.4050
105.194,1.1290,1.6125,1.3844
105.215,1.1280,1.6127,1.3638
105.236,1.1271,1.6129,1.3432
105.257,1.1262,1.6132,1.3226
105.278,1.1253,1.6134,1.3020
105.299,1.1244,1.6137,1.2814
105.320,1.1234,1.6140,1.2608
105.341,1.1225,1.6143,1.2402
105.362,1.1216,1.6147,1.2197
105.383,1.1208,1.6150,1.1991
105.404,1.1199,1.6154,1.1784
105.425,1.1190,1.6158,1.1578
105.446,1.1181,1.6162,1.1372
105.467,1.1173,1.6166,1.1166
105.488,1.1164,1.6171,1.0960
105.509,1.1156,1.6176,1.0755
105.530,1.1148,1.6180,1.0548
105.551,1.1140,1.6185,1.0342
105.572,1.1132,1.6191,1.0135
105.593,1.1124,1.6196,0.9931
105.614,1.1116,1.6201,0.9729
105.635,1.1108,1.6207,0.9527
105.656,1.1101,1.6212,0.9339
105.677,1.1094,1.6217,0.9151
105.698,1.1088,1.6223,0.8971
105.719,1.1082,1.6228,0.8793
105.740,1.1076,1.6233,0.8619
105.761,1.1070,1.6238,0.8453
105.782,1.1064,1.6244,0.8287
105.803,1.1059,1.6249,0.8132
105.824,1.1054,1.6254,0.7978
105.845,1.1049,1.6259,0.7828
105.866,1.1045,1.6264,0.7682
105.887,1.1040,1.6269,0.7536
105.908,1.1036,1.6274,0.7397
105.929,1.1031,1.6278,0.7258
105.950,1.1028,1.6283,0.7127
105.971,1.1024,1.6288,0.6998
105.992,1.1020,1.6292,0.6873
106.013,1.1017,1.6297,0.6753
106.034,1.1013,1.6301,0.6634
106.055,1.1010,1.6305,0.6519
106.076,1.1007,1.6310,0.6405
106.097,1.1004,1.6314,0.6294
106.118,1.1001,1.6318,0.6186
106.139,1.0998,1.6322,0.6079
106.160,1.0996,1.6326,0.5978
106.181,1.0993,1.6330,0.5877
106.202,1.0991,1.6333,0.5781
106.223,1.0988,1.6337,0.5685
106.244,1.0986,1.6341,0.5593
106.265,1.0984,1.6344,0.5505
106.286,1.0982,1.6348,0.5417
106.307,1.0980,1.6351,0.5332
106.328,1.0978,1.6355,0.5248
106.349,1.0976,1.6358,0.5169
106.370,1.0974,1.6361,0.5091
106.391,1.0972,1.6364,0.5014
106.412,1.0971,1.6367,0.4940
106.433,1.0969,1.6370,0.4866
106.454,1.0968,1.6373,0.4797
106.475,1.0966,1.6376,0.4728
106.496,1.0965,1.6379,0.4661
106.517,1.0963,1.6381,0.4595
106.538,1.0962,1.6384,0.4531
106.559,1.0961,1.6387,0.4470
106.580,1.0960,1.6389,0.4409
106.601,1.0958,1.6392,0.4351
106.622,1.0957,1.6394,0.4293
106.643,1.0956,1.6396,0.4238
106.664,1.0955,1.6399,0.4184
106.685,1.0954,1.6401,0.4130
106.706,1.0953,1.6403,0.4078
106.727,1.0952,1.6405,0.4025
106.748,1.0951,1.6408,0.3973
106.769,1.0950,1.6410,0.3920
106.790,1.0949,1.6412,0.3868
106.811,1.0949,1.6414,0.3815
106.832,1.0948,1.6417,0.3763
106.853,1.0947,1.6419,0.3710
106.874,1.0946,1.6421,0.3658
106.895,1.0945,1.6423,0.3605
106.916,1.0944,1.6426,0.3553
106.937,1.0943,1.6428,0.3505
106.958,1.0943,1.6429,0.3470
106.979,1.0942,1.6431,0.3436
107.000,1.0942,1.6432,0.3403
107.021,1.0941,1.6434,0.3370
107.042,1.0941,1.6435,0.3338
107.063,1.0940,1.6436,0.3308
107.084,1.0940,1.6438,0.3278
107.105,1.0940,1.6439,0.3249
107.126,1.0939,1.6440,0.3220
107.147,1.0939,1.6442,0.3193
107.168,1.0938,1.6443,0.3166
107.189,1.0938,1.6444,0.3139
107.210,1.0938,1.6445,0.3114
107.231,1.0937,1.6446,0.3088
107.252,1.0937,1.6447,0.3063
107.273,1.0937,1.6448,0.3038
107.294,1.0936,1.6449,0.3013
107.315,1.0936,1.6451,0.2988
107.336,1.0935,1.6452,0.2962
107.357,1.0935,1.6453,0.2937
107.378,1.0935,1.6454,0.2912
107.399,1.0934,1.6455,0.2887
107.420,1.0934,1.6456,0.2862
107.441,1.0934,1.6457,0.2836
107.462,1.0933,1.6458,0.2811
107.483,1.0933,1.6460,0.2786
107.504,1.0933,1.6461,0.2761
107.525,1.0933,1.6462,0.2736
107.546,1.0932,1.6463,0.2711
107.567,1.0932,1.6464,0.2685
107.588,1.0932,1.6465,0.2660
107.609,1.0931,1.6466,0.2635
107.630,1.0931,1.6467,0.2610
107.651,1.0931,1.6469,0.2585
107.672,1.0930,1.6470,0.2559
107.693,1.0930,1.6471,0.2534
107.714,1.0930,1.6472,0.2509
107.735,1.0930,1.6473,0.2484
107.756,1.0929,1.6474,0.2459
107.777,1.0929,1.6475,0.2433
107.798,1.0929,1.6477,0.2408
107.819,1.0928,1.6478,0.2383
107.840,1.0928,1.6479,0.2358
107.861,1.0928,1.6480,0.2333
107.882,1.0928,1.6481,0.2308
107.903,1.0928,1.6481,0.2308
107.924,1.0928,1.6481,0.2308
107.945,1.0928,1.6481,0.2308
107.966,1.0928,1.6481,0.2308
107.987,1.0928,1.6481,0.2308
108.008,1.0928,1.6481,0.2308
108.029,1.0928,1.6481,0.2308
108.050,1.0928,1.6481,0.2308
108.071,1.0928,1.6481,0.2308
108.092,1.0928,1.6481,0.2308
108.113,1.0928,1.6481,0.2308
108.134,1.0928,1.6481,0.2308
108.155,1.0928,1.6481,0.2308
108.176,1.0928,1.6481,0.2308
108.197,1.0928,1.6481,0.2308
108.218,1.0933,1.6483,0.2300
108.239,1.0953,1.6489,0.2270
108.260,1.0973,1.6495,0.2239
108.281,1.0993,1.6501,0.2208
108.302,1.1013,1.6507,0.2176
108.323,1.1033,1.6513,0.2144
108.344,1.1063,1.6522,0.2116
108.365,1.1101,1.6532,0.2090
108.386,1.1139,1.6543,0.2064
108.407,1.1178,1.6554,0.2038
108.428,1.1216,1.6564,0.2012
108.449,1.1270,1.6577,0.1985
108.470,1.1329,1.6590,0.1957
108.491,1.1387,1.6603,0.1930
108.512,1.1446,1.6615,0.1902
108.533,1.1505,1.6628,0.1875
108.554,1.1563,1.6640,0.1847
108.575,1.1622,1.6652,0.1820
108.596,1.1681,1.6665,0.1793
108.617,1.1742,1.6678,0.1763
108.638,1.1804,1.6692,0.1733
108.659,1.1866,1.6706,0.1703
108.680,1.1927,1.6720,0.1673
108.701,1.1985,1.6732,0.1644
108.722,1.2042,1.6744,0.1616
108.743,1.2099,1.6756,0.1587
108.764,1.2157,1.6768,0.1559
108.785,1.2213,1.6780,0.1529
108.806,1.2269,1.6794,0.1500
108.827,1.2325,1.6807,0.1470
108.848,1.2381,1.6819,0.1441
108.869,1.2433,1.6827,0.1420
108.890,1.2485,1.6836,0.1400
108.911,1.2537,1.6844,0.1381
108.932,1.2589,1.6852,0.1361
108.953,1.2641,1.6861,0.1340
108.974,1.2691,1.6873,0.1312
108.995,1.2741,1.6886,0.1284
109.016,1.2792,1.6898,0.1257
109.037,1.2842,1.6909,0.1230
109.058,1.2892,1.6921,0.1202
109.079,1.2942,1.6933,0.1175
109.100,1.2989,1.6945,0.1146
109.121,1.3036,1.6958,0.1117
109.142,1.3082,1.6970,0.1088
109.163,1.3127,1.6981,0.1060
109.184,1.3172,1.6993,0.1031
109.205,1.3217,1.7005,0.1003
109.226,1.3261,1.7016,0.0975
109.247,1.3306,1.7027,0.0947
109.268,1.3348,1.7039,0.0918
109.289,1.3390,1.7052,0.0888
109.310,1.3431,1.7064,0.0859
109.331,1.3473,1.7076,0.0830
109.352,1.3514,1.7081,0.0812
109.373,1.3556,1.7085,0.0798
109.394,1.3597,1.7089,0.0784
109.415,1.3639,1.7093,0.0770
109.436,1.3681,1.7097,0.0756
109.457,1.3719,1.7103,0.0738
109.478,1.3758,1.7109,0.0720
109.499,1.3796,1.7115,0.0701
109.520,1.3834,1.7122,0.0682
109.541,1.3872,1.7128,0.0664
109.562,1.3911,1.7133,0.0645
109.583,1.3949,1.7139,0.0626
109.604,1.3987,1.7145,0.0608
109.625,1.4024,1.7152,0.0588
109.646,1.4061,1.7158,0.0569
109.667,1.4098,1.7164,0.0559
109.688,1.4136,1.7170,0.0553
109.709,1.4173,1.7176,0.0546
109.730,1.4209,1.7183,0.0531
109.751,1.4245,1.7190,0.0510
109.772,1.4281,1.7196,0.0490
109.793,1.4318,1.7203,0.0470
109.814,1.4354,1.7209,0.0450
109.835,1.4390,1.7216,0.0429
109.856,1.4425,1.7223,0.0409
109.877,1.4458,1.7230,0.0386
109.898,1.4491,1.7237,0.0364
109.919,1.4524,1.7244,0.0341
109.940,1.4557,1.7252,0.0318
109.961,1.4590,1.7259,0.0296
109.982,1.4622,1.7266,0.0273
110.003,1.4654,1.7274,0.0248
110.024,1.4686,1.7282,0.0223
110.045,1.4718,1.7290,0.0198
110.066,1.4750,1.7298,0.0173
110.087,1.4780,1.7305,0.0148
110.108,1.4809,1.7313,0.0123
110.129,1.4839,1.7321,0.0098
110.150,1.4869,1.7328,0.0073
110.171,1.4898,1.7331,0.0057
110.192,1.4926,1.7332,0.0047
110.213,1.4955,1.7334,0.0035
110.234,1.4983,1.7337,0.0019
110.255,1.5011,1.7341,0.0002
110.276,1.5039,1.7345,-0.0014
110.297,1.5067,1.7349,-0.0031
110.318,1.5095,1.7353,-0.0047
110.339,1.5123,1.7356,-0.0064
110.360,1.5150,1.7360,-0.0081
110.381,1.5177,1.7365,-0.0098
110.402,1.5204,1.7369,-0.0116
110.423,1.5228,1.7374,-0.0135
110.444,1.5252,1.7379,-0.0154
110.465,1.5276,1.7384,-0.0174
110.486,1.5300,1.7389,-0.0193
110.507,1.5324,1.7394,-0.0213
110.528,1.5348,1.7397,-0.0230
110.549,1.5371,1.7397,-0.0237
110.570,1.5394,1.7397,-0.0245
110.591,1.5416,1.7397,-0.0252
110.612,1.5439,1.7396,-0.0260
110.633,1.5462,1.7396,-0.0267
110.654,1.5484,1.7396,-0.0274
110.675,1.5505,1.7396,-0.0280
110.696,1.5527,1.7396,-0.0287
110.717,1.5548,1.7397,-0.0295
110.738,1.5569,1.7397,-0.0304
110.759,1.5589,1.7398,-0.0313
110.780,1.5610,1.7398,-0.0322
110.801,1.5631,1.7398,-0.0331
110.822,1.5651,1.7399,-0.0340
110.843,1.5671,1.7399,-0.0350
110.864,1.5691,1.7400,-0.0360
110.885,1.5711,1.7401,-0.0369
110.906,1.5730,1.7402,-0.0379
110.927,1.5749,1.7403,-0.0390
110.948,1.5767,1.7405,-0.0401
110.969,1.5786,1.7406,-0.0411
110.990,1.5804,1.7407,-0.0422
111.011,1.5822,1.7409,-0.0433
111.032,1.5840,1.7410,-0.0445
111.053,1.5857,1.7412,-0.0456
111.074,1.5874,1.7414,-0.0468
111.095,1.5892,1.7416,-0.0479
111.116,1.5909,1.7418,-0.0491
111.137,1.5926,1.7420,-0.0503
111.158,1.5942,1.7422,-0.0515
111.179,1.5958,1.7425,-0.0527
111.200,1.5974,1.7427,-0.0540
111.221,1.5991,1.7430,-0.0552
111.242,1.6009,1.7432,-0.0566
111.263,1.6026,1.7435,-0.0579
111.284,1.6044,1.7438,-0.0592
111.305,1.6061,1.7441,-0.0605
111.326,1.6078,1.7443,-0.0618
111.347,1.6092,1.7447,-0.0633
111.368,1.6103,1.7451,-0.0648
111.389,1.6115,1.7455,-0.0664
111.410,1.6127,1.7458,-0.0679
111.431,1.6141,1.7458,-0.0684
111.452,1.6155,1.7457,-0.0689
111.473,1.6169,1.7456,-0.0693
111.494,1.6183,1.7456,-0.0698
111.515,1.6197,1.7455,-0.0702
111.536,1.6209,1.7455,-0.0708
111.557,1.6222,1.7454,-0.0713
111.578,1.6235,1.7454,-0.0718
111.599,1.6247,1.7453,-0.0724
111.620,1.6259,1.7453,-0.0730
111.641,1.6271,1.7453,-0.0736
111.662,1.6282,1.7453,-0.0742
111.683,1.6294,1.7453,-0.0748
111.704,1.6306,1.7453,-0.0754
111.725,1.6317,1.7453,-0.0760
111.746,1.6328,1.7453,-0.0765
111.767,1.6338,1.7453,-0.0771
111.788,1.6349,1.7453,-0.0776
111.809,1.6359,1.7453,-0.0778
111.830,1.6369,1.7453,-0.0766
111.851,1.6379,1.7453,-0.0755
111.872,1.6388,1.7453,-0.0743
111.893,1.6393,1.7453,-0.0737
111.914,1.6393,1.7453,-0.0737
111.935,1.6393,1.7454,-0.0737
111.956,1.6393,1.7454,-0.0737
111.977,1.6393,1.7455,-0.0737
111.998,1.6393,1.7456,-0.0769
112.019,1.6393,1.7458,-0.0811
112.040,1.6393,1.7460,-0.0852
112.061,1.6393,1.7462,-0.0894
112.082,1.6394,1.7464,-0.0936
112.103,1.6394,1.7467,-0.1005
112.124,1.6394,1.7470,-0.1077
112.145,1.6395,1.7474,-0.1148
112.166,1.6396,1.7477,-0.1220
112.187,1.6396,1.7481,-0.1297
112.208,1.6397,1.7485,-0.1399
112.229,1.6398,1.7490,-0.1501
112.250,1.6398,1.7495,-0.1602
112.271,1.6399,1.7499,-0.1704
112.292,1.6400,1.7504,-0.1817
112.313,1.6402,1.7510,-0.1948
112.334,1.6403,1.7516,-0.2078
112.355,1.6405,1.7522,-0.2208
112.376,1.6406,1.7528,-0.2339
112.397,1.6408,1.7534,-0.2469
112.418,1.6409,1.7540,-0.2599
112.439,1.6411,1.7546,-0.2729
112.460,1.6413,1.7551,-0.2860
112.481,1.6415,1.7557,-0.2990
112.502,1.6417,1.7563,-0.3120
112.523,1.6419,1.7568,-0.3250
112.544,1.6421,1.7574,-0.3380
112.565,1.6426,1.7581,-0.3499
112.586,1.6435,1.7589,-0.3602
112.607,1.6444,1.7597,-0.3705
112.628,1.6454,1.7605,-0.3808
112.649,1.6463,1.7613,-0.3911
112.670,1.6473,1.7621,-0.4013
112.691,1.6482,1.7628,-0.4115
112.712,1.6492,1.7636,-0.4216
112.733,1.6501,1.7643,-0.4317
112.754,1.6511,1.7650,-0.4415
112.775,1.6519,1.7650,-0.4486
112.796,1.6526,1.7650,-0.4556
112.817,1.6534,1.7650,-0.4626
112.838,1.6537,1.7653,-0.4718
112.859,1.6539,1.7657,-0.4817
112.880,1.6542,1.7661,-0.4915
112.901,1.6544,1.7666,-0.5039
112.922,1.6547,1.7671,-0.5167
112.943,1.6551,1.7676,-0.5294
112.964,1.6554,1.7681,-0.5420
112.985,1.6557,1.7686,-0.5550
113.006,1.6561,1.7692,-0.5705
113.027,1.6565,1.7698,-0.5859
113.048,1.6569,1.7704,-0.6014
113.069,1.6573,1.7710,-0.6169
113.090,1.6578,1.7716,-0.6334
113.111,1.6583,1.7722,-0.6517
113.132,1.6588,1.7729,-0.6699
113.153,1.6594,1.7736,-0.6882
113.174,1.6599,1.7742,-0.7064
113.195,1.6606,1.7749,-0.7261
113.216,1.6612,1.7756,-0.7471
113.237,1.6619,1.7763,-0.7680
113.258,1.6626,1.7769,-0.7890
113.279,1.6633,1.7776,-0.8101
113.300,1.6641,1.7783,-0.8332
113.321,1.6650,1.7790,-0.8570
113.342,1.6658,1.7797,-0.8809
113.363,1.6667,1.7804,-0.9046
113.384,1.6676,1.7811,-0.9285
113.405,1.6685,1.7817,-0.9534
113.426,1.6695,1.7824,-0.9782
113.447,1.6705,1.7830,-1.0031
113.468,1.6715,1.7836,-1.0280
113.489,1.6722,1.7840,-1.0449
113.510,1.6722,1.7840,-1.0449
113.531,1.6722,1.7840,-1.0449
113.552,1.6722,1.7840,-1.0449
113.573,1.6722,1.7840,-1.0449
113.594,1.6723,1.7840,-1.0472
113.615,1.6724,1.7841,-1.0513
113.636,1.6726,1.7842,-1.0554
113.657,1.6728,1.7843,-1.0595
113.678,1.6729,1.7844,-1.0637
113.699,1.6732,1.7845,-1.0702
113.720,1.6735,1.7847,-1.0773
113.741,1.6738,1.7848,-1.0845
113.762,1.6741,1.7850,-1.0917
113.783,1.6744,1.7851,-1.0989
113.804,1.6748,1.7853,-1.1091
113.825,1.6752,1.7855,-1.1193
113.846,1.6757,1.7857,-1.1294
113.867,1.6761,1.7859,-1.1396
113.888,1.6766,1.7861,-1.1505
113.909,1.6771,1.7863,-1.1637
113.930,1.6777,1.7866,-1.1769
113.951,1.6783,1.7868,-1.1901
113.972,1.6788,1.7870,-1.2033
113.993,1.6795,1.7872,-1.2179
114.014,1.6802,1.7875,-1.2342
114.035,1.6809,1.7877,-1.2504
114.056,1.6816,1.7880,-1.2667
114.077,1.6824,1.7882,-1.2830
114.098,1.6832,1.7884,-1.3015
114.119,1.6841,1.7886,-1.3208
114.140,1.6849,1.7888,-1.3402
114.161,1.6858,1.7890,-1.3597
114.182,1.6867,1.7892,-1.3791
114.203,1.6868,1.7892,-1.3811
114.224,1.6868,1.7892,-1.3811
114.245,1.6868,1.7892,-1.3811
114.266,1.6868,1.7892,-1.3811
114.287,1.6868,1.7892,-1.3821
114.308,1.6870,1.7893,-1.3863
114.329,1.6872,1.7893,-1.3905
114.350,1.6874,1.7893,-1.3947
114.371,1.6876,1.7894,-1.3989
114.392,1.6879,1.7894,-1.4043
114.413,1.6882,1.7895,-1.4117
114.434,1.6885,1.7895,-1.4190
114.455,1.6889,1.7896,-1.4263
114.476,1.6892,1.7896,-1.4337
114.497,1.6893,1.7896,-1.4358
114.518,1.6893,1.7896,-1.4358
114.539,1.6893,1.7896,-1.4358
114.560,1.6893,1.7896,-1.4358
114.581,1.6893,1.7896,-1.4358
114.602,1.6894,1.7896,-1.4386
114.623,1.6896,1.7897,-1.4428
114.644,1.6898,1.7897,-1.4470
114.665,1.6900,1.7897,-1.4512
114.686,1.6902,1.7897,-1.4558
114.707,1.6906,1.7898,-1.4631
114.728,1.6909,1.7898,-1.4705
114.749,1.6912,1.7898,-1.4778
114.770,1.6916,1.7899,-1.4852
114.791,1.6918,1.7899,-1.4901
114.812,1.6918,1.7899,-1.4901
114.833,1.6918,1.7899,-1.4901
114.854,1.6918,1.7899,-1.4901
114.875,1.6918,1.7899,-1.4901
114.896,1.6919,1.7899,-1.4927
114.917,1.6921,1.7899,-1.4969
114.938,1.6923,1.7899,-1.5011
114.959,1.6925,1.7899,-1.5053
114.980,1.6927,1.7900,-1.5095
115.001,1.6930,1.7900,-1.5163
115.022,1.6934,1.7900,-1.5237
115.043,1.6937,1.7900,-1.5310
115.064,1.6940,1.7900,-1.5384
115.085,1.6944,1.7900,-1.5451
115.106,1.6944,1.7900,-1.5451
115.127,1.6944,1.7900,-1.5451
115.148,1.6944,1.7900,-1.5451
115.169,1.6944,1.7900,-1.5451
115.190,1.6944,1.7900,-1.5467
115.211,1.6946,1.7900,-1.5509
115.232,1.6948,1.7900,-1.5551
115.253,1.6950,1.7900,-1.5593
115.274,1.6952,1.7900,-1.5635
115.295,1.6955,1.7900,-1.5696
115.316,1.6958,1.7900,-1.5769
115.337,1.6962,1.7900,-1.5843
115.358,1.6965,1.7900,-1.5916
115.379,1.6969,1.7900,-1.5989
115.400,1.6973,1.7900,-1.6088
115.421,1.6978,1.7900,-1.6193
115.442,1.6983,1.7900,-1.6298
115.463,1.6988,1.7899,-1.6402
115.484,1.6993,1.7899,-1.6510
115.505,1.6999,1.7898,-1.6646
115.526,1.7005,1.7898,-1.6783
115.547,1.7012,1.7897,-1.6919
115.568,1.7018,1.7896,-1.7055
115.589,1.7022,1.7896,-1.7148
115.610,1.7022,1.7896,-1.7148
115.631,1.7022,1.7896,-1.7148
115.652,1.7022,1.7896,-1.7148
115.673,1.7022,1.7896,-1.7148
115.694,1.7023,1.7895,-1.7170
115.715,1.7025,1.7895,-1.7212
115.736,1.7027,1.7895,-1.7254
115.757,1.7029,1.7894,-1.7296
115.778,1.7031,1.7894,-1.7338
115.799,1.7031,1.7894,-1.7348
115.820,1.7031,1.7894,-1.7348
115.841,1.7031,1.7894,-1.7348
115.862,1.7031,1.7894,-1.7348
115.883,1.7031,1.7894,-1.7348
115.904,1.7033,1.7894,-1.7388
115.925,1.7035,1.7893,-1.7430
115.946,1.7037,1.7893,-1.7472
115.967,1.7039,1.7893,-1.7514
115.988,1.7040,1.7893,-1.7544
116.009,1.7040,1.7893,-1.7544
116.030,1.7040,1.7893,-1.7544
116.051,1.7040,1.7893,-1.7544
116.072,1.7040,1.7893,-1.7544
116.093,1.7041,1.7892,-1.7563
116.114,1.7043,1.7892,-1.7605
116.135,1.7045,1.7892,-1.7647
116.156,1.7047,1.7891,-1.7689
116.177,1.7049,1.7891,-1.7731
116.198,1.7050,1.7891,-1.7746
116.219,1.7050,1.7891,-1.7746
116.240,1.7050,1.7891,-1.7746
116.261,1.7050,1.7891,-1.7746
116.282,1.7050,1.7891,-1.7746
116.303,1.7051,1.7890,-1.7785
116.324,1.7053,1.7890,-1.7827
116.345,1.7055,1.7890,-1.7869
116.366,1.7057,1.7889,-1.7911
116.387,1.7058,1.7889,-1.7944
116.408,1.7058,1.7889,-1.7944
116.429,1.7058,1.7889,-1.7944
116.450,1.7058,1.7889,-1.7944
116.471,1.7058,1.7889,-1.7944
116.492,1.7059,1.7889,-1.7963
116.513,1.7061,1.7888,-1.8005
116.534,1.7063,1.7888,-1.8047
116.555,1.7065,1.7887,-1.8089
116.576,1.7067,1.7887,-1.8131
116.597,1.7070,1.7886,-1.8194
116.618,1.7073,1.7885,-1.8267
116.639,1.7076,1.7884,-1.8341
116.660,1.7080,1.7883,-1.8414
116.681,1.7083,1.7883,-1.8488
116.702,1.7083,1.7882,-1.8492
116.723,1.7083,1.7882,-1.8492
116.744,1.7083,1.7882,-1.8492
116.765,1.7083,1.7882,-1.8492
116.786,1.7083,1.7882,-1.8492
116.807,1.7085,1.7882,-1.8528
116.828,1.7087,1.7881,-1.8570
116.849,1.7088,1.7881,-1.8612
116.870,1.7090,1.7880,-1.8654
116.891,1.7093,1.7880,-1.8711
116.912,1.7096,1.7878,-1.8784
116.933,1.7099,1.7877,-1.8858
116.954,1.7103,1.7876,-1.8931
116.975,1.7106,1.7875,-1.9005
116.996,1.7107,1.7875,-1.9037
117.017,1.7107,1.7875,-1.9037
117.038,1.7107,1.7875,-1.9037
117.059,1.7107,1.7875,-1.9037
117.080,1.7107,1.7875,-1.9037
117.101,1.7109,1.7874,-1.9072
117.122,1.7111,1.7874,-1.9114
117.143,1.7112,1.7873,-1.9156
117.164,1.7114,1.7872,-1.9198
117.185,1.7116,1.7872,-1.9237
117.206,1.7116,1.7872,-1.9237
117.227,1.7116,1.7872,-1.9237
117.248,1.7116,1.7872,-1.9237
117.269,1.7116,1.7872,-1.9237
117.290,1.7116,1.7871,-1.9246
117.311,1.7118,1.7871,-1.9288
117.332,1.7120,1.7870,-1.9330
117.353,1.7122,1.7869,-1.9372
117.374,1.7124,1.7869,-1.9414
117.395,1.7125,1.7868,-1.9434
117.416,1.7125,1.7868,-1.9434
117.437,1.7125,1.7868,-1.9434
117.458,1.7125,1.7868,-1.9434
117.479,1.7125,1.7868,-1.9434
117.500,1.7126,1.7868,-1.9464
117.521,1.7128,1.7867,-1.9506
117.542,1.7129,1.7866,-1.9548
117.563,1.7131,1.7866,-1.9590
117.584,1.7133,1.7865,-1.9632
117.605,1.7133,1.7865,-1.9632
117.626,1.7133,1.7865,-1.9632
117.647,1.7133,1.7865,-1.9632
117.668,1.7133,1.7865,-1.9632
117.689,1.7134,1.7865,-1.9644
117.710,1.7135,1.7864,-1.9686
117.731,1.7137,1.7863,-1.9728
117.752,1.7139,1.7862,-1.9770
117.773,1.7141,1.7862,-1.9812
117.794,1.7142,1.7861,-1.9832
117.815,1.7142,1.7861,-1.9832
117.836,1.7142,1.7861,-1.9832
117.857,1.7142,1.7861,-1.9832
117.878,1.7142,1.7861,-1.9832
117.899,1.7142,1.7861,-1.9832
117.920,1.7142,1.7861,-1.9832
117.941,1.7142,1.7861,-1.9832
117.962,1.7142,1.7861,-1.9832
117.983,1.7142,1.7861,-1.9832
118.004,1.7142,1.7861,-1.9832
118.025,1.7142,1.7861,-1.9832
118.046,1.7142,1.7861,-1.9832
118.067,1.7142,1.7861,-1.9832
118.088,1.7142,1.7861,-1.9832
118.109,1.7142,1.7861,-1.9832
118.130,1.7142,1.7861,-1.9832
118.151,1.7142,1.7861,-1.9832
118.172,1.7142,1.7861,-1.9832
118.193,1.7143,1.7861,-1.9854
118.214,1.7144,1.7860,-1.9896
118.235,1.7146,1.7859,-1.9938
118.256,1.7148,1.7859,-1.9980
118.277,1.7150,1.7858,-2.0022
118.298,1.7150,1.7858,-2.0034
118.319,1.7150,1.7858,-2.0034
118.340,1.7150,1.7858,-2.0034
118.361,1.7150,1.7858,-2.0034
118.382,1.7150,1.7858,-2.0034
118.403,1.7150,1.7858,-2.0034
118.424,1.7150,1.7858,-2.0034
118.445,1.7150,1.7858,-2.0034
118.466,1.7150,1.7858,-2.0034
118.487,1.7150,1.7858,-2.0034
118.508,1.7150,1.7858,-2.0034
118.529,1.7150,1.7858,-2.0034
118.550,1.7150,1.7858,-2.0034
118.571,1.7150,1.7858,-2.0034
118.592,1.7150,1.7858,-2.0034
118.613,1.7150,1.7858,-2.0034
118.634,1.7150,1.7858,-2.0034
118.655,1.7150,1.7858,-2.0034
118.676,1.7150,1.7858,-2.0034
118.697,1.7150,1.7858,-2.0034
118.718,1.7150,1.7858,-2.0034
118.739,1.7150,1.7858,-2.0034
118.760,1.7150,1.7858,-2.0034
118.781,1.7150,1.7858,-2.0034
118.802,1.7152,1.7857,-2.0072
118.823,1.7154,1.7856,-2.0114
118.844,1.7155,1.7855,-2.0156
118.865,1.7157,1.7854,-2.0198
118.886,1.7159,1.7854,-2.0234
118.907,1.7159,1.7853,-2.0234
118.928,1.7159,1.7854,-2.0234
118.949,1.7159,1.7854,-2.0234
118.970,1.7159,1.7854,-2.0234
118.991,1.7159,1.7854,-2.0234
119.012,1.7159,1.7854,-2.0234
119.033,1.7159,1.7854,-2.0234
119.054,1.7159,1.7854,-2.0234
119.075,1.7159,1.7854,-2.0234
119.096,1.7159,1.7854,-2.0234
119.117,1.7159,1.7854,-2.0234
119.138,1.7159,1.7854,-2.0234
119.159,1.7159,1.7854,-2.0234
119.180,1.7159,1.7854,-2.0234
119.201,1.7159,1.7854,-2.0234
119.222,1.7159,1.7854,-2.0234
119.243,1.7159,1.7854,-2.0234
119.264,1.7159,1.7854,-2.0234
119.285,1.7159,1.7854,-2.0234
119.306,1.7159,1.7854,-2.0234
119.327,1.7159,1.7854,-2.0234
119.348,1.7159,1.7854,-2.0234
119.369,1.7159,1.7854,-2.0234
119.390,1.7159,1.7854,-2.0234
119.411,1.7159,1.7854,-2.0234
119.432,1.7159,1.7854,-2.0234
119.453,1.7159,1.7854,-2.0234
119.474,1.7159,1.7854,-2.0234
119.495,1.7159,1.7854,-2.0234
119.516,1.7159,1.7854,-2.0234
119.537,1.7159,1.7854,-2.0234
119.558,1.7159,1.7854,-2.0234
119.579,1.7159,1.7854,-2.0234
119.600,1.7159,1.7854,-2.0234
119.621,1.7159,1.7854,-2.0234
119.642,1.7159,1.7854,-2.0234
119.663,1.7159,1.7854,-2.0234
119.684,1.7159,1.7854,-2.0234
119.705,1.7159,1.7854,-2.0234
119.726,1.7159,1.7854,-2.0234
119.747,1.7159,1.7854,-2.0234
119.768,1.7159,1.7854,-2.0234
119.789,1.7159,1.7854,-2.0234
119.810,1.7159,1.7854,-2.0234
119.831,1.7159,1.7854,-2.0234
119.852,1.7159,1.7854,-2.0234
119.873,1.7159,1.7854,-2.0234
119.894,1.7159,1.7854,-2.0234
119.915,1.7159,1.7854,-2.0234
119.936,1.7159,1.7854,-2.0234
119.957,1.7159,1.7854,-2.0234
119.978,1.7159,1.7854,-2.0234
119.999,1.7159,1.7854,-2.0234
120.020,1.7159,1.7854,-2.0234
120.041,1.7159,1.7854,-2.0234
120.062,1.7159,1.7854,-2.0234
120.083,1.7159,1.7854,-2.0235
120.104,1.7159,1.7854,-2.0235
120.125,1.7159,1.7854,-2.0235
120.146,1.7159,1.7854,-2.0235
120.167,1.7159,1.7854,-2.0235
120.188,1.7159,1.7853,-2.0246
120.209,1.7161,1.7852,-2.0288
120.230,1.7163,1.7852,-2.0330
120.251,1.7164,1.7851,-2.0372
120.272,1.7166,1.7850,-2.0414
120.293,1.7168,1.7849,-2.0472
120.314,1.7171,1.7847,-2.0545
120.335,1.7174,1.7845,-2.0619
120.356,1.7177,1.7844,-2.0692
120.377,1.7180,1.7842,-2.0765
120.398,1.7181,1.7842,-2.0787
120.419,1.7181,1.7842,-2.0787
120.440,1.7181,1.7842,-2.0787
120.461,1.7181,1.7842,-2.0787
120.482,1.7181,1.7842,-2.0787
120.503,1.7182,1.7841,-2.0805
120.524,1.7184,1.7840,-2.0847
120.545,1.7185,1.7839,-2.0889
120.566,1.7187,1.7838,-2.0931
120.587,1.7189,1.7838,-2.0965
120.608,1.7189,1.7838,-2.0965
120.629,1.7189,1.7838,-2.0965
120.650,1.7189,1.7838,-2.0965
120.671,1.7189,1.7838,-2.0965
120.692,1.7189,1.7837,-2.0981
120.713,1.7191,1.7836,-2.1023
120.734,1.7193,1.7835,-2.1065
120.755,1.7194,1.7834,-2.1107
120.776,1.7196,1.7833,-2.1149
120.797,1.7198,1.7832,-2.1211
120.818,1.7201,1.7830,-2.1285
120.839,1.7204,1.7828,-2.1358
120.860,1.7207,1.7826,-2.1431
120.881,1.7210,1.7824,-2.1504
120.902,1.7214,1.7822,-2.1607
120.923,1.7218,1.7819,-2.1712
120.944,1.7222,1.7816,-2.1817
120.965,1.7226,1.7813,-2.1922
120.986,1.7230,1.7811,-2.2031
121.007,1.7235,1.7807,-2.2167
121.028,1.7240,1.7803,-2.2303
121.049,1.7245,1.7799,-2.2439
121.070,1.7250,1.7795,-2.2575
121.091,1.7253,1.7792,-2.2668
121.112,1.7253,1.7792,-2.2668
121.133,1.7253,1.7792,-2.2668
121.154,1.7253,1.7792,-2.2668
121.175,1.7253,1.7792,-2.2668
121.196,1.7254,1.7792,-2.2689
121.217,1.7255,1.7790,-2.2731
121.238,1.7257,1.7789,-2.2773
121.259,1.7258,1.7788,-2.2815
121.280,1.7260,1.7787,-2.2857
121.301,1.7262,1.7784,-2.2926
121.322,1.7265,1.7782,-2.2999
121.343,1.7267,1.7780,-2.3073
121.364,1.7270,1.7778,-2.3146
121.385,1.7273,1.7775,-2.3224
121.406,1.7276,1.7772,-2.3329
121.427,1.7280,1.7768,-2.3434
121.448,1.7283,1.7765,-2.3539
121.469,1.7287,1.7762,-2.3644
121.490,1.7289,1.7759,-2.3715
121.511,1.7289,1.7759,-2.3715
121.532,1.7289,1.7759,-2.3715
121.553,1.7289,1.7759,-2.3715
121.574,1.7289,1.7759,-2.3715
121.595,1.7290,1.7758,-2.3739
121.616,1.7291,1.7757,-2.3780
121.637,1.7292,1.7756,-2.3823
121.658,1.7294,1.7754,-2.3865
121.679,1.7295,1.7753,-2.3907
121.700,1.7297,1.7750,-2.3974
121.721,1.7299,1.7748,-2.4047
121.742,1.7302,1.7745,-2.4121
121.763,1.7304,1.7743,-2.4194
121.784,1.7306,1.7740,-2.4269
121.805,1.7309,1.7737,-2.4374
121.826,1.7313,1.7733,-2.4479
121.847,1.7316,1.7729,-2.4584
121.868,1.7319,1.7725,-2.4689
121.889,1.7321,1.7722,-2.4785
121.910,1.7321,1.7722,-2.4785
121.931,1.7321,1.7722,-2.4785
121.952,1.7321,1.7722,-2.4785
121.973,1.7321,1.7722,-2.4785
121.994,1.7322,1.7721,-2.4806
122.015,1.7323,1.7719,-2.4848
122.036,1.7324,1.7718,-2.4891
122.057,1.7326,1.7716,-2.4933
122.078,1.7327,1.7715,-2.4975
122.099,1.7329,1.7712,-2.5040
122.120,1.7331,1.7710,-2.5114
122.141,1.7333,1.7707,-2.5187
122.162,1.7335,1.7704,-2.5260
122.183,1.7337,1.7701,-2.5335
122.204,1.7339,1.7697,-2.5440
122.225,1.7342,1.7693,-2.5545
122.246,1.7345,1.7689,-2.5650
122.267,1.7347,1.7685,-2.5755
122.288,1.7349,1.7682,-2.5831
122.309,1.7349,1.7682,-2.5832
122.330,1.7349,1.7682,-2.5832
122.351,1.7349,1.7682,-2.5832
122.372,1.7349,1.7682,-2.5832
122.393,1.7350,1.7681,-2.5851
122.414,1.7351,1.7680,-2.5893
122.435,1.7352,1.7678,-2.5935
122.456,1.7353,1.7676,-2.5977
122.477,1.7354,1.7674,-2.6019
122.498,1.7355,1.7672,-2.6083
122.519,1.7357,1.7669,-2.6157
122.540,1.7359,1.7666,-2.6230
122.561,1.7360,1.7663,-2.6304
122.582,1.7362,1.7660,-2.6377
122.603,1.7364,1.7656,-2.6471
122.624,1.7366,1.7652,-2.6569
122.645,1.7368,1.7648,-2.6668
122.666,1.7370,1.7644,-2.6766
122.687,1.7372,1.7640,-2.6863
122.708,1.7374,1.7636,-2.6953
122.729,1.7376,1.7633,-2.7042
122.750,1.7378,1.7629,-2.7132
122.771,1.7380,1.7625,-2.7222
122.792,1.7381,1.7621,-2.7308
122.813,1.7383,1.7618,-2.7389
122.834,1.7384,1.7614,-2.7469
122.855,1.7385,1.7611,-2.7550
122.876,1.7387,1.7607,-2.7630
122.897,1.7388,1.7604,-2.7706
122.918,1.7389,1.7601,-2.7779
122.939,1.7391,1.7598,-2.7851
122.960,1.7392,1.7595,-2.7923
122.981,1.7393,1.7592,-2.7996
123.002,1.7394,1.7589,-2.8062
123.023,1.7395,1.7586,-2.8127
123.044,1.7396,1.7583,-2.8192
123.065,1.7397,1.7580,-2.8258
123.086,1.7398,1.7578,-2.8314
123.107,1.7398,1.7578,-2.8314
123.128,1.7398,1.7578,-2.8314
123.149,1.7398,1.7578,-2.8314
123.170,1.7398,1.7578,-2.8314
123.191,1.7398,1.7577,-2.8336
123.212,1.7399,1.7574,-2.8405
123.233,1.7400,1.7571,-2.8474
123.254,1.7401,1.7568,-2.8541
123.275,1.7402,1.7565,-2.8607
123.296,1.7402,1.7562,-2.8672
123.317,1.7403,1.7559,-2.8733
123.338,1.7404,1.7556,-2.8795
123.359,1.7405,1.7554,-2.8853
123.380,1.7405,1.7551,-2.8912
123.401,1.7406,1.7548,-2.8969
123.422,1.7407,1.7546,-2.9025
123.443,1.7407,1.7543,-2.9079
123.464,1.7408,1.7541,-2.9132
123.485,1.7408,1.7539,-2.9184
123.506,1.7409,1.7536,-2.9237
123.527,1.7409,1.7534,-2.9289
123.548,1.7410,1.7532,-2.9342
123.569,1.7410,1.7529,-2.9394
123.590,1.7411,1.7527,-2.9447
123.611,1.7411,1.7524,-2.9499
123.632,1.7412,1.7522,-2.9552
123.653,1.7412,1.7520,-2.9604
123.674,1.7413,1.7517,-2.9657
123.695,1.7413,1.7515,-2.9706
123.716,1.7413,1.7513,-2.9742
123.737,1.7414,1.7512,-2.9778
123.758,1.7414,1.7510,-2.9811
123.779,1.7414,1.7509,-2.9845
123.800,1.7414,1.7507,-2.9877
123.821,1.7414,1.7506,-2.9908
123.842,1.7415,1.7504,-2.9938
123.863,1.7415,1.7503,-2.9968
123.884,1.7415,1.7501,-2.9998
123.905,1.7415,1.7500,-3.0026
123.926,1.7415,1.7499,-3.0054
123.947,1.7416,1.7498,-3.0081
123.968,1.7416,1.7496,-3.0107
123.989,1.7416,1.7495,-3.0132
124.010,1.7416,1.7494,-3.0158
124.031,1.7416,1.7493,-3.0183
124.052,1.7416,1.7492,-3.0208
124.073,1.7416,1.7491,-3.0233
124.094,1.7417,1.7489,-3.0258
124.115,1.7417,1.7488,-3.0284
124.136,1.7417,1.7487,-3.0309
124.157,1.7417,1.7486,-3.0334
124.178,1.7417,1.7485,-3.0359
124.199,1.7417,1.7484,-3.0384
124.220,1.7417,1.7483,-3.0409
124.241,1.7417,1.7481,-3.0435
124.262,1.7418,1.7480,-3.0460
124.283,1.7418,1.7479,-3.0485
124.304,1.7418,1.7478,-3.0510
124.325,1.7418,1.7477,-3.0535
124.346,1.7418,1.7476,-3.0561
124.367,1.7418,1.7474,-3.0586
124.388,1.7418,1.7473,-3.0611
124.409,1.7418,1.7472,-3.0636
124.430,1.7418,1.7471,-3.0661
124.451,1.7418,1.7470,-3.0687
124.472,1.7419,1.7469,-3.0712
124.493,1.7419,1.7467,-3.0737
124.514,1.7419,1.7466,-3.0762
124.535,1.7419,1.7465,-3.0787
124.556,1.7419,1.7464,-3.0812
124.577,1.7419,1.7463,-3.0838
124.598,1.7419,1.7462,-3.0863
124.619,1.7419,1.7460,-3.0888
124.640,1.7419,1.7460,-3.0904
124.661,1.7419,1.7460,-3.0904
124.682,1.7419,1.7460,-3.0904
124.703,1.7419,1.7460,-3.0904
124.724,1.7419,1.7460,-3.0904
124.745,1.7419,1.7460,-3.0904
124.766,1.7419,1.7460,-3.0904
124.787,1.7419,1.7460,-3.0904
124.808,1.7419,1.7460,-3.0904
124.829,1.7419,1.7460,-3.0904
124.850,1.7419,1.7460,-3.0904
124.871,1.7419,1.7460,-3.0904
124.892,1.7419,1.7460,-3.0904
124.913,1.7419,1.7460,-3.0904
124.934,1.7419,1.7460,-3.0904
124.955,1.7419,1.7460,-3.0904
124.976,1.7419,1.7460,-3.0904
124.997,1.7419,1.7460,-3.0904
125.018,1.7419,1.7460,-3.0904
